N.S. Engineering & Geo-Technical Services Pvt. Ltd. ,,,,,,,,,,,,,,,,,
"Dhobighat, Lalitpur, Nepal",,,,,,,,,,,,,,,,,
Vat No. 603565542,,,,,,,,,,,,,,,,,
"Equipments, Macine & Jinsi Purchase :-                                     ",,,,,,,,,,,,,,,,,
S. No.,Date,Department,Bill No.,Pan No.,Description,Parti's Name,Quantity,Unit, Rate , Taxable Amount , Vat 13% , Amount with Vat , Year in Use  ,Depreciation in %, Depreciation , Depreciated Value , Remarks 
1,2072.10.07,Soil and Aggregate,613,302405295,CBR Laas frame with 1 each accessories -1 Set,Bagmati Enterprises,1,Set,," 145,000.00 "," 18,850.00 "," 163,850.00 ",,, -   ," 163,850.00 ",
2,2072.10.07,Soil and Aggregate,613,302405295,CBR Moulds - 1 Nos,Bagmati Enterprises,1,Nos,,,,,,, -   , -   ,
3,2072.10.07,Soil and Aggregate,613,302405295,EBL Proving ring - 1 Nos,Bagmati Enterprises,1,Nos,,,,,,, -   , -   ,
4,2072.10.07,Soil and Aggregate,613,302405295,CBR Dial Gauge - 1 Nos,Bagmati Enterprises,1,Nos,,,,,,, -   , -   ,
5,2072.10.07,Soil and Aggregate,613,302405295,CBR Colar cutter - 1 Nos,Bagmati Enterprises,1,Nos,,,,,,, -   , -   ,
6,2072.10.07,Soil and Aggregate,613,302405295,CBR Piston - 1 Nos,Bagmati Enterprises,1,Nos,,,,,,, -   , -   ,
7,2072.10.07,Soil and Aggregate,613,302405295,CBR Weight 5 Kg. -1 Nos,Bagmati Enterprises,1,Nos,,,,,,, -   , -   ,
8,2072.10.07,Soil and Aggregate,613,302405295,CBR Rammer 4.89 - 1 Nos,Bagmati Enterprises,1,Nos,,,,,,, -   , -   ,
9,2072.10.07,Soil and Aggregate,613,302405295,CBR Surching Weight (S) - 1Nos,Bagmati Enterprises,1,Nos,,,,,,, -   , -   ,
10,2072.10.07,Soil and Aggregate,613,302405295,CBR Surching Weight (R) - 1Nos,Bagmati Enterprises,1,Nos,,,,,,, -   , -   ,
11,2072.10.07,Soil and Aggregate,613,302405295,CBR Moulds -  3 Nos,Bagmati Enterprises,3,Nos," 3,300.00 "," 9,900.00 "," 1,287.00 "," 11,187.00 ",,, -   ," 11,187.00 ",
12,2072.10.07,Soil and Aggregate,613,302405295,CBR soil (Tripoid),Bagmati Enterprises,3,Nos, 900.00 ," 2,700.00 ", 351.00 ," 3,051.00 ",,, -   ," 3,051.00 ",
13,2072.10.07,Soil and Aggregate,613,302405295,CBR Soil Plate with handle,Bagmati Enterprises,3,Nos," 1,950.00 "," 5,850.00 ", 760.50 ," 6,610.50 ",,, -   ," 6,610.50 ",
14,2072.10.07,Soil and Aggregate,613,302405295,CBR Weight Rounded,Bagmati Enterprises,3,Nos, 825.00 ," 2,475.00 ", 321.75 ," 2,796.75 ",,, -   ," 2,796.75 ",
15,2072.10.07,Soil and Aggregate,613,302405295,CBR Weight Slutted,Bagmati Enterprises,3,Nos, 825.00 ," 2,475.00 ", 321.75 ," 2,796.75 ",,, -   ," 2,796.75 ",
16,2072.10.07,Soil and Aggregate,613,302405295,CBR Filter Paper,Bagmati Enterprises,1,Pkt, 375.00 , 375.00 , 48.75 , 423.75 ,,, -   , 423.75 ,
17,2072.10.08,Soil and Aggregate,194,304466816,"Kailaso 18"" Oven",Total Scientific Surveying Technology Traders,1,Set," 23,000.00 "," 23,000.00 "," 2,990.00 "," 25,990.00 ",,, -   ," 25,990.00 ",
18,2072.11.02,Soil Investigation,25,303052353,25 mtr. Capacity Parkausan Machine  ,OM Metal Engineering workshop Pvt. Ltd.,1,Set," 200,000.00 "," 200,000.00 "," 26,000.00 "," 226,000.00 ",,, -   ," 226,000.00 ",Fully Damaged
19,2072.11.05,Soil Investigation,26,303052353,35 mtr. Capacity Rotary Ring,OM Metal Engineering workshop Pvt. Ltd.,1,Set," 400,000.00 "," 400,000.00 "," 52,000.00 "," 452,000.00 ",,, -   ," 452,000.00 ",Fully Damaged
20,2072.12.16,Soil and Aggregate,1012,302405295,Direct Shear for (Poras Stones),Bagmati Enterprises,2,Nos, 800.00 ," 1,600.00 ", 208.00 ," 1,808.00 ",,, -   ," 1,808.00 ",
21,2072.12.29,Chemical,168,300048584,Hydrometer,Sako Engineering & Technical Trading Pvt. Ltd.,2,Pcs," 1,160.00 "," 2,320.00 ", 301.60 ," 2,621.60 ",,, -   ," 2,621.60 ",
22,2072.12.29,Chemical,168,300048584,Vol Flask 1000 ml.,Sako Engineering & Technical Trading Pvt. Ltd.,7,Pcs," 2,224.00 "," 15,568.00 "," 2,023.84 "," 17,591.84 ",,, -   ," 17,591.84 ",
23,2072.12.29,Chemical,168,300048584,Vol Flask 500 ml.,Sako Engineering & Technical Trading Pvt. Ltd.,7,Pcs, 632.00 ," 4,424.00 ", 575.12 ," 4,999.12 ",,, -   ," 4,999.12 ",
24,2072.12.29,Chemical,168,300048584,Vol Flask 250 ml.,Sako Engineering & Technical Trading Pvt. Ltd.,2,Pcs, 472.00 , 944.00 , 122.72 ," 1,066.72 ",,, -   ," 1,066.72 ",
25,2072.12.29,Chemical,168,300048584,Pychometer 1000 ml.,Sako Engineering & Technical Trading Pvt. Ltd.,4,Pcs," 1,100.00 "," 4,400.00 ", 572.00 ," 4,972.00 ",,, -   ," 4,972.00 ",
26,2072.12.29,Chemical,168,300048584,Pychometer 500 ml.,Sako Engineering & Technical Trading Pvt. Ltd.,7,Pcs," 1,000.00 "," 7,000.00 ", 910.00 ," 7,910.00 ",,, -   ," 7,910.00 ",
27,2072.12.29,Chemical,168,300048584,Pychometer 250 ml.,Sako Engineering & Technical Trading Pvt. Ltd.,2,Pcs," 1,000.00 "," 2,000.00 ", 260.00 ," 2,260.00 ",,, -   ," 2,260.00 ",
28,2072.12.29,Chemical,168,300048584,Measuring Cylinder 1000 ml.,Sako Engineering & Technical Trading Pvt. Ltd.,4,Pcs," 2,126.00 "," 8,504.00 "," 1,105.52 "," 9,609.52 ",,, -   ," 9,609.52 ",
29,2072.12.29,Chemical,168,300048584,Measuring Cylinder 500 ml.,Sako Engineering & Technical Trading Pvt. Ltd.,5,Pcs," 1,070.00 "," 5,350.00 ", 695.50 ," 6,045.50 ",,, -   ," 6,045.50 ",
30,2072.12.29,Chemical,168,300048584,Rubber Cork,Sako Engineering & Technical Trading Pvt. Ltd.,5,Pcs, 60.00 , 300.00 , 39.00 , 339.00 ,,, -   , 339.00 ,
31,2072.12.29,Chemical,168,300048584,Spatula,Sako Engineering & Technical Trading Pvt. Ltd.,3,Pcs, 210.00 , 630.00 , 81.90 , 711.90 ,,, -   , 711.90 ,
32,2073.03.05,Soil and Aggregate,443,300298710,75 Micron Brass Sieve,Geo - Tech International Pvt. Ltd.,1,Nos," 1,460.00 "," 1,460.00 ", 189.80 ," 1,649.80 ",,, -   ," 1,649.80 ",
33,2073.08.26,Soil and Aggregate,515,302405295,Flakhe Index,Bagmati Enterprises,1,Nos, 800.00 , 800.00 , 104.00 , 904.00 ,,, -   , 904.00 ,
34,2073.09.07,Soil and Aggregate,1558,300040966,BE PH- 150001xDigital Balance 15KG/0.1G Phoenix,BTC Private ltd.,1,Pc," 20,088.00 "," 20,088.00 "," 2,611.44 "," 22,699.44 ",,, -   ," 22,699.44 ",
35,2073.09.07,Soil and Aggregate,1558,300040966,BE PH- 82001x Balance Digital 6200G/0.1G Phoenix,BTC Private ltd.,1,Pc," 13,860.00 "," 13,860.00 "," 1,801.80 "," 15,661.80 ",,, -   ," 15,661.80 ",
36,2073.09.07,Soil and Aggregate,1558,300040966,BE PH- 6202N Balance Precision 620G/10MG Phoenix,BTC Private ltd.,1,Pc," 9,207.00 "," 9,207.00 "," 1,196.91 "," 10,403.91 ",,, -   ," 10,403.91 ",
37,2073.11.15,Soil and Aggregate,472,300298710,"8"" Brass Sieve 75 Mic",Bagmati Geo System Pvt. Ltd.,2,Nos," 1,400.00 "," 2,800.00 ", 364.00 ," 3,164.00 ",,, -   ," 3,164.00 ",
38,2073.11.15,Soil and Aggregate,472,300298710,Porous Stone,Bagmati Geo System Pvt. Ltd.,1,Nos," 1,000.00 "," 1,000.00 ", 130.00 ," 1,130.00 ",,, -   ," 1,130.00 ",
39,2073.12.04,Rock,220,603792937,Sampling Outfit Apparatus,Saurya & Saurabi Enterprises,1,Set," 24,500.00 "," 24,500.00 "," 3,185.00 "," 27,685.00 ",,, -   ," 27,685.00 ",
40,2073.12.04,Rock,220,603792937,Triaxial Compression Testing Machine,Saurya & Saurabi Enterprises,1,Set," 214,000.00 "," 214,000.00 "," 27,820.00 "," 241,820.00 ",,, -   ," 241,820.00 ",
41,2073.12.17,Chemical,538,300298710,Lutron PH-222 Pen PH meter (AI. 19120),Geo - Tech International Pvt. Ltd.,1,Nos," 9,500.00 "," 9,500.00 "," 1,235.00 "," 10,735.00 ",,, -   ," 10,735.00 ",
42,2073.12.32,Electrical and Electronics,155,300125029,Brother DCP J105 Printer,COS Trading Company Pvt. Ltd.,1,Pic," 15,486.73 "," 15,486.73 "," 2,013.27 "," 17,500.00 ",,, -   ," 17,500.00 ",
43,2073.12.32,Electrical and Electronics,155,300125029,1450 VA HB Inverter,COS Trading Company Pvt. Ltd.,1,Pic," 17,000.00 "," 17,000.00 "," 2,210.00 "," 19,210.00 ",,, -   ," 19,210.00 ",
44,2073.12.32,Electrical and Electronics,155,300125029,200 AH IT Battery,COS Trading Company Pvt. Ltd.,2,Pcs," 29,995.58 "," 59,991.16 "," 7,798.85 "," 67,790.01 ",,, -   ," 67,790.01 ",
45,2074.01.12,Soil and Aggregate,352,603792937,Consolidation Test Appartatus (3 Gang capacity),Saurya & Saurabi Enterprises,1,Set," 180,000.00 "," 180,000.00 "," 23,400.00 "," 203,400.00 ",,, -   ," 203,400.00 ",
46,2074.01.12,Soil and Aggregate,352,603792937,Standard sand 25 kg bag Grade II,Saurya & Saurabi Enterprises,1,Bag," 3,500.00 "," 3,500.00 ", 455.00 ," 3,955.00 ",,, -   ," 3,955.00 ",
47,2074.02.29,Bitumen,499,603792937,Softening Point Ring & Ball Apparatus,Saurya & Saurabi Enterprises,1,Set," 16,470.00 "," 16,470.00 "," 2,141.10 "," 18,611.10 ",,, -   ," 18,611.10 ",50% damage
48,2074.02.29,Soil and Aggregate,499,603792937,Permability Test Apparatus,Saurya & Saurabi Enterprises,1,Set," 49,500.00 "," 49,500.00 "," 6,435.00 "," 55,935.00 ",,, -   ," 55,935.00 ",
49,2074.03.30,Soil Investigation,153,303052353,"Core drill ring of 50m capacity with NQ3 Barrel, 5 nos",OM Metal Engineering workshop Pvt. Ltd.,1,Set," 550,000.00 "," 550,000.00 ", -   ," 550,000.00 ",,, -   ," 550,000.00 ",
50,2074.10.25,Rock,157,305268877,Brazilian Test Apparatus,Smart Business Service P. Ltd.,1,," 94,800.00 "," 94,800.00 "," 12,324.00 "," 107,124.00 ",,, -   ," 107,124.00 ",Fully Damaged
51,2074.10.25,Soil and Aggregate,157,305268877,Loss Angeles Abrasion Testing Machine,Smart Business Service P. Ltd.,1,," 138,370.00 "," 138,370.00 "," 17,988.10 "," 156,358.10 ",,, -   ," 156,358.10 ",
52,2074.10.25,Soil and Aggregate,157,305268877,Casagrandey liquid limit device,Smart Business Service P. Ltd.,2,," 5,750.00 "," 11,500.00 "," 1,495.00 "," 12,995.00 ",,, -   ," 12,995.00 ",
53,2074.10.25,Soil and Aggregate,157,305268877,Plastic limit device,Smart Business Service P. Ltd.,1,," 3,450.00 "," 3,450.00 ", 448.50 ," 3,898.50 ",,, -   ," 3,898.50 ",
54,2074.10.25,Soil and Aggregate,157,305268877,Unconfined Compressive Strength testing Machine,Smart Business Service P. Ltd.,1,," 113,648.00 "," 113,648.00 "," 14,774.24 "," 128,422.24 ",,, -   ," 128,422.24 ",
55,2074.11.13,Geophysical and Survey,67,606906850,"Earth Resistance Tromology GD-10, Supreme+RES/IP 2D+3D+Imaging",Asian Techno Traders Pvt. Ltd.,1,Set," 2,317,823.42 "," 2,317,823.42 "," 301,317.04 "," 2,619,140.46 ",,, -   ," 2,619,140.46 ",
56,2075.03.26,Soil Investigation,118,303052353,50m Capacity rotary with keliy Bar and Spt set with Portable tripod with NQ Wire line series and monkay hammer,OM Metal Engineering workshop Pvt. Ltd.,2,Set," 570,000.00 "," 1,140,000.00 ", Free ," 1,140,000.00 ",,0, -   ," 1,140,000.00 ",Fully Damaged
57,2075.09.06,Electrical and Electronics,517,303026600,Huawei Mate 20 Pro,DIGI Mobile,2,Pcs," 109,734.51 "," 219,469.02 "," 28,530.97 "," 247,999.99 ",,0, -   ," 247,999.99 ",Fully Damaged
58,2075.10.18,Non Destructive,302/075/76,606906850,Rebound Hammer TR-1,Asian Techno Traders Pvt. Ltd.,2,Pcs," 12,570.00 "," 25,140.00 "," 3,268.20 "," 28,408.20 ",,, -   ," 28,408.20 ",
59,2075.10.28,Geophysical and Survey,922,604295275,Eastwing Gealogical hammer Special Edition Lether Grip Pointed,Bagmati Geo System Pvt. Ltd.,1,Nos," 7,500.00 "," 7,500.00 ", 975.00 ," 8,475.00 ",,, -   ," 8,475.00 ",
60,2075.11.10,Geophysical and Survey,3390 75/76,606906850,"CA-24 24-Single Take Out ERT Cable, 10 Meter Spacing ",Asian Techno Traders Pvt. Ltd.,1,Pcs," 204,824.25 "," 204,824.25 "," 26,627.15 "," 231,451.40 ",,, -   ," 231,451.40 ",
61,2075.11.10,Geophysical and Survey,3390 75/76,606906850,Stainless Steel Electrode,Asian Techno Traders Pvt. Ltd.,10,Pcs," 3,022.00 "," 30,220.00 "," 3,928.60 "," 34,148.60 ",,, -   ," 34,148.60 ",
62,2075.12.12,Soil and Aggregate,201,300048584,Brass Sieve 20 cm Dia 75 micron,Sako Engineering & Technical Trading Pvt. Ltd.,5,Pcs," 1,400.00 "," 7,000.00 ", 910.00 ," 7,910.00 ",,, -   ," 7,910.00 ",
63,2075.12.12,Soil and Aggregate,201,300048584,"Hot Air Oven Al. Chamber 18"" thermostat Control",Sako Engineering & Technical Trading Pvt. Ltd.,1,Pcs," 22,641.00 "," 22,641.00 "," 2,943.33 "," 25,584.33 ",,, -   ," 25,584.33 ",
64,2075.12.18,Soil Investigation,1524,300054392,"AIM-135, Static Cone Penetrometer 30 KN (3000 Kgt) Capacity, Hand Opened",H. G. Ent.Pvt. Ltd.,1,Nos," 505,080.00 "," 505,080.00 "," 65,660.40 "," 570,740.40 ",,, -   ," 570,740.40 ",60% Damaged
65,2075.12.18,Rock,1524,300054392,AIM-206- DG Point Load Index Tester Digital,H. G. Ent.Pvt. Ltd.,1,Nos," 227,240.00 "," 227,240.00 "," 29,541.20 "," 256,781.20 ",,, -   ," 256,781.20 ",
66,2076.02.10,Soil and Aggregate ,475,300298710,BS 1100+1100g /10.01 gm Digital Balance,Geo - Tech International Pvt. Ltd.,1,Nos," 15,500.00 "," 15,500.00 "," 2,015.00 "," 17,515.00 ",,, -   ," 17,515.00 ",
67,2076.03.03,Soil and Aggregate,2103,300054392,Digital compression Testing Machine Electrically Operated 2000 KN (AIM-317E-DG-1),H. G. Ent.Pvt. Ltd.,1,Nos," 567,640.00 "," 567,640.00 "," 73,793.20 "," 641,433.20 ",,, -   ," 641,433.20 ",
68,2076.03.10,Furniture,88,604141976,1.2 Office Table,Dharma Furniture Udhyog,1,Pcs," 12,389.38 "," 12,389.38 "," 1,610.62 "," 14,000.00 ",,, -   ," 14,000.00 ",
69,2076.03.10,Furniture,88,604141976,Revelbing Chair boss,Dharma Furniture Udhyog,1,Pcs," 10,619.46 "," 10,619.46 "," 1,380.53 "," 11,999.99 ",,, -   ," 11,999.99 ",
70,2076.03.10,Furniture,88,604141976,Revelbing Chair Net,Dharma Furniture Udhyog,1,Pcs," 4,424.77 "," 4,424.77 ", 575.22 ," 4,999.99 ",,, -   ," 4,999.99 ",
71,2076.03.31,Soil Investigation,156,303052353,50m Rotary Core Drilling Machine with Tripod Caug bar Steel Jope N Series Casing NQ Barrects,OM Metal Engineering workshop Pvt. Ltd.,1,Set," 588,000.00 "," 588,000.00 ", Free ," 588,000.00 ",,, -   ," 588,000.00 ",Fully Damaged
72,2076.06.16,Soil and Aggregate,503,300054392,Direct Shear Test Apparatus Electronic 2KN Digital (AIM-105),H. G. Ent.Pvt. Ltd.,1,Nos," 375,622.20 "," 375,622.20 "," 48,830.89 "," 424,453.09 ",,, -   ," 424,453.09 ",
73,2076.07.28,Soil Investigation,31,303052353,DCPT Set,OM Metal Engineering workshop Pvt. Ltd.,1,Set," 18,000.00 "," 18,000.00 "," 2,340.00 "," 20,340.00 ",,, -   ," 20,340.00 ",
74,2076.09.03,Soil and Aggregate,214,300298710,6 Kg Balance 6kg/01g,Geo - Tech International Pvt. Ltd.,1,Nos," 13,500.00 "," 13,500.00 "," 1,755.00 "," 15,255.00 ",,, -   ," 15,255.00 ",
75,2076.09.10,Rock,436,,Cut Off Machine (With Blade),Palistha Impex,1,Nos," 10,885.00 "," 10,885.00 "," 1,415.05 "," 12,300.05 ",,, -   ," 12,300.05 ",
76,2076.09.22,Electrical and Electronics,56,300125029,Image Class MF-3010 Printer,COS Trading Company Pvt. Ltd.,1,Pc," 19,469.03 "," 19,469.03 "," 2,530.97 "," 22,000.00 ",,, -   ," 22,000.00 ",
77,2076.11.23,Electrical and Electronics,477,301217301,Dell i3 Laptop 14 Inch,New Creation Suppliers,3,Pcs," 35,840.70 "," 107,522.10 "," 13,977.87 "," 121,499.97 ",,, -   ," 121,499.97 ",
78,2077.03.09,Cement and Concrete,422,606906850,Slump Cone Apparatus,Asian Techno Traders Pvt. Ltd.,1,Set," 3,600.00 "," 3,600.00 ", 468.00 ," 4,068.00 ",,, -   ," 4,068.00 ",
79,2077.03.09,Cement and Concrete,422,606906850,Cube Mould 15x15 Cm,Asian Techno Traders Pvt. Ltd.,12,Pcs," 1,800.00 "," 21,600.00 "," 2,808.00 "," 24,408.00 ",,, -   ," 24,408.00 ",
80,2077.03.19,Non Destructive,436,606906850,Concrete  Test Hammer,Asian Techno Traders Pvt. Ltd.,1,Pcs," 15,000.00 "," 15,000.00 "," 1,950.00 "," 16,950.00 ",,, -   ," 16,950.00 ",
81,2077.03.30,Soil and Aggregate,471,606906850,Electronic Weighing Scale Cap:6Kg,Asian Techno Traders Pvt. Ltd.,1,Pcs," 16,000.00 "," 16,000.00 "," 2,080.00 "," 18,080.00 ",,, -   ," 18,080.00 ",
82,2077.04.19,Soil and Aggregate,9,300298710,200 mm dia Brass Sieve (75 Micron),Geo - Tech International Pvt. Ltd.,2,Nos," 1,550.00 "," 3,100.00 ", 403.00 ," 3,503.00 ",,, -   ," 3,503.00 ",
83,2077.04.32,Soil and Aggregate,29,606906850,"Hydraulic Sample eject 5000, Motorised, With Electric/Hand Operated",Asian Techno Traders Pvt. Ltd.,1,Nos," 184,253.00 "," 184,253.00 "," 23,952.89 "," 208,205.89 ",,, -   ," 208,205.89 ",
84,2077.04.32,Rock,29,606906850,Triaxial Testing System Consisting of AIM 211 Triaxial Cell,Asian Techno Traders Pvt. Ltd.,1,Nos," 980,136.00 "," 980,136.00 "," 127,417.68 "," 1,107,553.68 ",,, -   ," 1,107,553.68 ",
85,2077.04.32,Rock,29,606906850,Automatic Compression Testing Machine Capacity 500 KN,Asian Techno Traders Pvt. Ltd.,1,Nos," 931,729.00 "," 931,729.00 "," 121,124.77 "," 1,052,853.77 ",,, -   ," 1,052,853.77 ",
86,2077.04.32,Cement and Concrete,29,606906850,"Electronic Balance 600G*0.01G#MWP-600, PAN Size 116 MM Dia",Asian Techno Traders Pvt. Ltd.,1,Nos," 45,085.00 "," 45,085.00 "," 5,861.05 "," 50,946.05 ",,, -   ," 50,946.05 ",
87,2077.04.32,Soil and Aggregate,29,606906850,Electronic Balance MW-3000G*0.1G # Capacity 3000G*0.1G Pan Size 158*144.6 mm,Asian Techno Traders Pvt. Ltd.,1,Nos," 54,746.00 "," 54,746.00 "," 7,116.98 "," 61,862.98 ",,, -   ," 61,862.98 ",
88,2077.04.32,Rock,29,606906850,Unconfined Compression Tester for Rocks,Asian Techno Traders Pvt. Ltd.,1,Nos," 219,286.72 "," 219,286.72 "," 28,507.27 "," 247,793.99 ",,, -   ," 247,793.99 ",
89,2077.04.32,Rock,30,606906850,Core Drilling Machine Without BITS,Asian Techno Traders Pvt. Ltd.,1,Nos," 129,152.00 "," 129,152.00 "," 16,789.76 "," 145,941.76 ",,, -   ," 145,941.76 ",
90,2077.04.32,Rock,30,606906850,Core Drilling Bit 21.46 mm Dia(EX Size) 150 mm Long,Asian Techno Traders Pvt. Ltd.,1,Nos," 23,353.00 "," 23,353.00 "," 3,035.89 "," 26,388.89 ",,, -   ," 26,388.89 ",
91,2077.04.32,Rock,30,606906850,Core Drilling Bit 30.10 mm Dia(AX Size) 150 mm Long,Asian Techno Traders Pvt. Ltd.,1,Nos," 26,785.00 "," 26,785.00 "," 3,482.05 "," 30,267.05 ",,, -   ," 30,267.05 ",
92,2077.04.32,Rock,30,606906850,Core Drilling Bit 42.04 mm Dia(BX Size) 150 mm Long,Asian Techno Traders Pvt. Ltd.,1,Nos," 42,385.00 "," 42,385.00 "," 5,510.05 "," 47,895.05 ",,, -   ," 47,895.05 ",
93,2077.04.32,Rock,30,606906850,Core Drilling Bit 54.74 mm Dia(NX Size) 150 mm Long,Asian Techno Traders Pvt. Ltd.,1,Nos," 51,430.00 "," 51,430.00 "," 6,685.90 "," 58,115.90 ",,, -   ," 58,115.90 ",
94,2077.04.32,Rock,30,606906850,Core Cutting & Grinding Machinetable Top Model 35 mm To 150 mm Dia,Asian Techno Traders Pvt. Ltd.,1,Nos," 432,336.00 "," 432,336.00 "," 56,203.68 "," 488,539.68 ",,, -   ," 488,539.68 ",
95,2077.04.32,Rock,30,606906850,Brazilian Test Appartus,Asian Techno Traders Pvt. Ltd.,1,Nos," 113,802.00 "," 113,802.00 "," 14,794.26 "," 128,596.26 ",,, -   ," 128,596.26 ",
96,2077.04.32,Rebar Section,30,606906850,Pair of Jaws for 60 mm Dia Samples,Asian Techno Traders Pvt. Ltd.,1,Nos," 7,227.00 "," 7,227.00 ", 939.51 ," 8,166.51 ",,, -   ," 8,166.51 ",
97,2077.04.32,Rebar Section,30,606906850,Pair of Jaws for 70 mm Dia Samples,Asian Techno Traders Pvt. Ltd.,1,Nos," 8,415.00 "," 8,415.00 "," 1,093.95 "," 9,508.95 ",,, -   ," 9,508.95 ",
98,2077.04.32,Rebar Section,30,606906850,Pair of Jaws for 80 mm Dia Samples,Asian Techno Traders Pvt. Ltd.,1,Nos," 9,084.00 "," 9,084.00 "," 1,180.92 "," 10,264.92 ",,, -   ," 10,264.92 ",
99,2077.04.32,Rebar Section,30,606906850,Pair of Jaws for 90 mm Dia Samples,Asian Techno Traders Pvt. Ltd.,1,Nos," 9,935.00 "," 9,935.00 "," 1,291.55 "," 11,226.55 ",,, -   ," 11,226.55 ",
100,2077.04.32,Rebar Section,30,606906850,Pair of Jaws for 100 mm Dia Samples,Asian Techno Traders Pvt. Ltd.,1,Nos," 11,115.00 "," 11,115.00 "," 1,444.95 "," 12,559.95 ",,, -   ," 12,559.95 ",
101,2077.06.04,,64,606906850,Moisture Boosting Compound (25 Kg Bag),Asian Techno Traders Pvt. Ltd.,2,Pcs," 1,650.00 "," 3,300.00 ", 429.00 ," 3,729.00 ",,100," 3,729.00 ", -   ,
102,2077.06.04,Electrical and Electronics,64,606906850,"Copper Bonded Rod 17.2 mm Dia, 2M Long",Asian Techno Traders Pvt. Ltd.,2,Pcs," 2,850.00 "," 5,700.00 ", 741.00 ," 6,441.00 ",,, -   ," 6,441.00 ",
103,2077.06.04,Electrical and Electronics,64,606906850,Polyplastic Earth Pit Camber Cover,Asian Techno Traders Pvt. Ltd.,2,Pcs," 1,850.00 "," 3,700.00 ", 481.00 ," 4,181.00 ",,, -   ," 4,181.00 ",
104,2077.06.06,Rebar Section,82,606906850,Vernier Calliper Digital,Asian Techno Traders Pvt. Ltd.,1,Pcs," 2,620.00 "," 2,620.00 ", 340.60 ," 2,960.60 ",,, -   ," 2,960.60 ",
105,2077.06.06,Rebar Section,82,606906850,Hand Lens,Asian Techno Traders Pvt. Ltd.,1,Pcs, 350.00 , 350.00 , 45.50 , 395.50 ,,, -   , 395.50 ,
106,2077.06.11,Geophysical and Survey,44,300298710,Garmin Check 10 hand held GPS (S/N 01-53D334316),Geo - Tech International Pvt. Ltd.,1,Nos," 14,000.00 "," 14,000.00 "," 1,820.00 "," 15,820.00 ",,, -   ," 15,820.00 ",
107,2077.06.11,,44,300298710,Liquid filed Caposs,Geo - Tech International Pvt. Ltd.,1,Nos, 800.00 , 800.00 , 104.00 , 904.00 ,,100, 904.00 , -   ,Fully Damaged
108,2077.06.18,Rock,305,300054392,"Direct Shear Apparatus, Hand Operated for rocks AIM-221",H. G. Ent.Pvt. Ltd.,1,Set," 452,700.00 "," 452,700.00 "," 58,851.00 "," 511,551.00 ",,, -   ," 511,551.00 ",
109,2077.06.27,Cement and Concrete,127,606906850,Digital Thermometer + Hygrometer,Asian Techno Traders Pvt. Ltd.,1,Set," 1,125.00 "," 1,125.00 ", 146.25 ," 1,271.25 ",,, -   ," 1,271.25 ",
110,2077.07.02,Rock,126,303440805,Hormany 46  (20 Ltr.),Kushum Enterprises Pvt. Ltd,2,Pair," 6,437.38 "," 12,874.76 "," 1,673.72 "," 14,548.48 ",,100," 14,548.48 ", -   ,
111,2077.07.03,Rebar Section,1293,300142727,Digital Sliding T-Level,Shakti commercial Enterprises,1,Nos," 3,097.34 "," 3,097.34 ", 402.65 ," 3,499.99 ",,, -   ," 3,499.99 ",
112,2077.07.12,Soil and Aggregate,87,300298710,Brass Sieve 75 micron,Geo - Tech International Pvt. Ltd.,2,Nos," 1,650.00 "," 3,300.00 ", 429.00 ," 3,729.00 ",,, -   ," 3,729.00 ",
113,2077.07.18,Geophysical and Survey,102,300298710,Garmin Ehex 10 Handheld Gps,Geo - Tech International Pvt. Ltd.,1,Nos," 14,000.00 "," 14,000.00 "," 1,820.00 "," 15,820.00 ",,, -   ," 15,820.00 ",
114,2077.08.17,Soil and Aggregate,143,300298710,200 mm Die Brass Sieve (75 Micron),Geo - Tech International Pvt. Ltd.,2,Nos," 1,650.00 "," 3,300.00 ", 429.00 ," 3,729.00 ",,, -   ," 3,729.00 ",
115,2077.08.27,Electrical and Electronics,35,301822275,"Mitsubishi Brand Air-Conditioner With Heat Pump With Installation and Connecting Piping, Capacity 1 Ton",Bijaya Traders & Enterprises,1,Nos," 69,026.55 "," 69,026.55 "," 8,973.45 "," 78,000.00 ",,, -   ," 78,000.00 ",
116,2077.08.29,Safety,209,606906850,Jayco White Ventilated Helmet With Rachet Fitting ART No. JS 30004,Asian Techno Traders Pvt. Ltd.,4,Pcs, 340.00 ," 1,360.00 ", 176.80 ," 1,536.80 ",,100," 1,536.80 ", -   ,
117,2077.08.29,Safety,209,606906850,Reflective Jacket Green Ziota,Asian Techno Traders Pvt. Ltd.,4,Pcs, 420.00 ," 1,680.00 ", 218.40 ," 1,898.40 ",,100," 1,898.40 ", -   ,
118,2077.09.07,Rock,225,606906850,"Aimil Spares Cutting Blade -16"" For Cutting AIM-202-2",Asian Techno Traders Pvt. Ltd.,10,Nos," 12,437.00 "," 124,370.00 "," 16,168.10 "," 140,538.10 ",,, -   ," 140,538.10 ",
119,2077.10.25,Chemical,153,300048584,Al. coutainer 3x4,Sako Engineering & Technical Trading Pvt. Ltd.,24,Pcs, 272.00 ," 6,528.00 ", 848.64 ," 7,376.64 ",,, -   ," 7,376.64 ",
120,2077.10.25,Chemical,153,300048584,Measuring Cylinder -1000 ml,Sako Engineering & Technical Trading Pvt. Ltd.,1,Pcs," 1,591.00 "," 1,591.00 ", 206.83 ," 1,797.83 ",,, -   ," 1,797.83 ",
121,2077.10.25,Chemical,153,300048584,Vol. Flask Amber  1000 ml,Sako Engineering & Technical Trading Pvt. Ltd.,7,Pcs," 1,520.00 "," 10,640.00 "," 1,383.20 "," 12,023.20 ",,, -   ," 12,023.20 ",
122,2077.10.25,Chemical,153,300048584,Vol. Flask  1000 ml,Sako Engineering & Technical Trading Pvt. Ltd.,3,Pcs," 1,008.00 "," 3,024.00 ", 393.12 ," 3,417.12 ",,, -   ," 3,417.12 ",
123,2077.12.16,Cement and Concrete,197,304728327,Mixture Machine,Ram Hardware and Machinery Suppliers,1,Nos," 31,000.00 "," 31,000.00 ", Free ," 31,000.00 ",,, -   ," 31,000.00 ",
124,2077.12.20,Rock,470,603440805,Hormany 46  (20 Ltr.),Kushum Enterprises Pvt. Ltd,5,Pail," 6,576.76 "," 32,883.80 "," 4,274.89 "," 37,158.69 ",,, -   ," 37,158.69 ",
125,2078.03.23,Rebar Section,547,606906850,Aimil Universal Testing Machine Computarized Capacity 1000 KN With Hydraulic Jaws,Asian Techno Traders Pvt. Ltd.,1,Set," 2,199,158.00 "," 2,199,158.00 "," 285,890.54 "," 2,485,048.54 ",,, -   ," 2,485,048.54 ",
126,2078.03.23,Rebar Section,547,606906850,"Aimil Shear Test Attachment 6,8,12,16 & 20 mm Dia",Asian Techno Traders Pvt. Ltd.,1,Nos," 46,300.00 "," 46,300.00 "," 6,019.00 "," 52,319.00 ",,, -   ," 52,319.00 ",
127,2078.03.23,Rebar Section,547,606906850,"Aimil Shear Test Attachment 25, 30, 35 & 40 mm Dia",Asian Techno Traders Pvt. Ltd.,1,Nos," 64,300.00 "," 64,300.00 "," 8,359.00 "," 72,659.00 ",,, -   ," 72,659.00 ",
128,2078.03.23,Rebar Section,547,606906850,Aimil Bend Re-Bend Test Attachment,Asian Techno Traders Pvt. Ltd.,1,Nos," 117,542.00 "," 117,542.00 "," 15,280.46 "," 132,822.46 ",,, -   ," 132,822.46 ",
129,2078.03.23,Rebar Section,547,606906850,Aimil 8 R Mandrill,Asian Techno Traders Pvt. Ltd.,1,Nos," 7,107.00 "," 7,107.00 ", 923.91 ," 8,030.91 ",,, -   ," 8,030.91 ",
130,2078.03.23,Rebar Section,547,606906850,Aimil 9 R Mandrill,Asian Techno Traders Pvt. Ltd.,1,Nos," 7,107.00 "," 7,107.00 ", 923.91 ," 8,030.91 ",,, -   ," 8,030.91 ",
131,2078.03.23,Rebar Section,547,606906850,Aimil 10 R Mandrill,Asian Techno Traders Pvt. Ltd.,1,Nos," 7,107.00 "," 7,107.00 ", 923.91 ," 8,030.91 ",,, -   ," 8,030.91 ",
132,2078.03.23,Rebar Section,547,606906850,Aimil 12 R Mandrill,Asian Techno Traders Pvt. Ltd.,1,Nos," 7,107.00 "," 7,107.00 ", 923.91 ," 8,030.91 ",,, -   ," 8,030.91 ",
133,2078.03.23,Rebar Section,547,606906850,Aimil 15 R Mandrill,Asian Techno Traders Pvt. Ltd.,1,Nos," 7,107.00 "," 7,107.00 ", 923.91 ," 8,030.91 ",,, -   ," 8,030.91 ",
134,2078.03.23,Rebar Section,547,606906850,Aimil 18 R Mandrill,Asian Techno Traders Pvt. Ltd.,1,Nos," 7,107.00 "," 7,107.00 ", 923.91 ," 8,030.91 ",,, -   ," 8,030.91 ",
135,2078.03.23,Rebar Section,547,606906850,Aimil 20 R Mandrill,Asian Techno Traders Pvt. Ltd.,1,Nos," 7,107.00 "," 7,107.00 ", 923.91 ," 8,030.91 ",,, -   ," 8,030.91 ",
136,2078.03.23,Rebar Section,547,606906850,Aimil Extensometer 2.5/50 mm For UTM-New Model,Asian Techno Traders Pvt. Ltd.,1,Nos," 175,020.00 "," 175,020.00 "," 22,752.60 "," 197,772.60 ",,, -   ," 197,772.60 ",
137,2078.03.23,Rebar Section,547,606906850,Aimil Electronic Extensometer For Stand Wire 0-600 mm New Gauge Length,Asian Techno Traders Pvt. Ltd.,1,Nos," 251,815.00 "," 251,815.00 "," 32,735.95 "," 284,550.95 ",,, -   ," 284,550.95 ",
138,2078.03.31,Soil and Aggregate,582,606906850,Brass Sieves Size 200 MM Dia 0.75 Micron,Asian Techno Traders Pvt. Ltd.,5,Nos," 1,800.00 "," 9,000.00 "," 1,170.00 "," 10,170.00 ",,, -   ," 10,170.00 ",
139,2078.04.22,Electrical and Electronics,12,601283891,USG Boral Standard Board 1220 x 1830 x 12.5 mm,Super Enterprises,17,Nos, 545.00 ," 9,265.00 "," 1,204.45 "," 10,469.45 ",,100," 10,469.45 ", -   ,
140,2078.05.16,Electrical and Electronics,10,304205996,Door Lock With Magnate,Emax Technology Pvt. Ltd.,1,Set," 22,000.00 "," 22,000.00 "," 2,860.00 "," 24,860.00 ",,, -   ," 24,860.00 ",
141,2078.05.16,Electrical and Electronics,10,304205996,Lenovo F510 2 TB Portable Hard Drive,Emax Technology Pvt. Ltd.,1,Pic," 11,061.00 "," 11,061.00 "," 1,437.93 "," 12,498.93 ",,, -   ," 12,498.93 ",
142,2078.05.20,Furniture,27,300074404,Pillow,New Griha Shova Bhandar,2,Pic, 350.00 , 700.00 , 91.00 , 791.00 ,,, -   , 791.00 ,
143,2078.05.20,Furniture,27,300074404,Bed Sheet,New Griha Shova Bhandar,1,Pic," 1,000.00 "," 1,000.00 ", 130.00 ," 1,130.00 ",,, -   ," 1,130.00 ",
144,2078.05.20,Furniture,27,300074404,Quilt,New Griha Shova Bhandar,1,Pic," 2,200.00 "," 2,200.00 ", 286.00 ," 2,486.00 ",,, -   ," 2,486.00 ",
145,2078.05.21,Furniture,11,600028635,Foom Matress,Dream Furniture,1,Set," 22,366.37 "," 22,366.37 "," 2,907.63 "," 25,274.00 ",,, -   ," 25,274.00 ",
146,2078.05.21,Furniture,11,600028635,Bed ,Dream Furniture,1,Set," 19,700.00 "," 19,700.00 "," 2,561.00 "," 22,261.00 ",,, -   ," 22,261.00 ",
147,2078.05.21,Furniture,11,600028635,Side Table,Dream Furniture,1,Nos," 2,100.00 "," 2,100.00 ", 273.00 ," 2,373.00 ",,, -   ," 2,373.00 ",
148,2078.05.21,Furniture,11,600028635,Stool,Dream Furniture,6,Nos, 600.00 ," 3,600.00 ", 468.00 ," 4,068.00 ",,, -   ," 4,068.00 ",
149,2078.05.27,Electrical and Electronics,16,304205996,Brother DCP-420W,Emax Technology Pvt. Ltd.,1,Set," 30,088.49 "," 30,088.49 "," 3,911.50 "," 33,999.99 ",,, -   ," 33,999.99 ",
150,2078.05.28,Cement and Concrete,79,603792937,Water Bath Thermostatically Control 50 Ltr. Capacity,Saurya & Saurabi Enterprises,1,Set," 55,000.00 "," 55,000.00 "," 7,150.00 "," 62,150.00 ",,, -   ," 62,150.00 ",
151,2078.06.01,Safety,54,604223818,4 Kg Fire Extinguisher,E.Coil Pvt. Ltd.,1,Pcs," 3,000.00 "," 3,000.00 ", 390.00 ," 3,390.00 ",,, -   ," 3,390.00 ",
152,2078.06.01,Safety,54,604223818,SP MCB 16 AMP,E.Coil Pvt. Ltd.,1,Pcs, 282.00 , 282.00 , 36.66 , 318.66 ,,, -   , 318.66 ,
153,2078.06.01,Safety,54,604223818,SP MCB 6 AMP,E.Coil Pvt. Ltd.,1,Pcs, 282.00 , 282.00 , 36.66 , 318.66 ,,, -   , 318.66 ,
154,2078.06.13,Soil and Aggregate,249,600386964,"Electronic Weighing Scale, Capacity -6Kg, SN: 0.19, Model: XRh, SN: S21030126",A & D International Weighing Trading ,1,Nos," 12,831.85 "," 12,831.85 "," 1,668.14 "," 14,499.99 ",,, -   ," 14,499.99 ",
155,2078.06.24,Cement and Concrete ,418,300054392,Air Permeability Blains Apparatus Aim-390 ,H. G. Ent. Pvt. Ltd.,1,Nos," 9,500.00 "," 9,500.00 "," 1,235.00 "," 10,735.00 ",,, -   ," 10,735.00 ",
156,2078.06.25,Cement and Concrete,420,300054392,Vibratory Table AIM-365-1,H. G. Ent. Pvt. Ltd.,1,Nos," 172,000.00 "," 172,000.00 "," 22,360.00 "," 194,360.00 ",,, -   ," 194,360.00 ",
157,2078.06.25,Cement and Concrete,420,300054392,Cube Mould 15 CM -AIM 344,H. G. Ent. Pvt. Ltd.,12,Nos," 6,600.00 "," 79,200.00 "," 10,296.00 "," 89,496.00 ",,, -   ," 89,496.00 ",
158,2078.06.25,Cement and Concrete,420,300054392,Le Chatelier Mould AIM-400,H. G. Ent. Pvt. Ltd.,6,Nos," 1,280.00 "," 7,680.00 ", 998.40 ," 8,678.40 ",,, -   ," 8,678.40 ",
159,2078.06.25,Cement and Concrete,117,603792937,Curing Tank With Tempreture Controlled System,Saurya & Saurabi Enterprises,1,Set," 120,000.00 "," 120,000.00 "," 15,600.00 "," 135,600.00 ",,, -   ," 135,600.00 ",
160,2078.07.04,Cement and Concrete,21,616339448,Mortar Vibrator,Raluka Devi Trade Concern,1,Set," 65,000.00 "," 65,000.00 "," 8,450.00 "," 73,450.00 ",,, -   ," 73,450.00 ",
161,2078.07.04,Soil and Aggregate,119,603792937,Los Angeles abration Testing Machine (LAA),Saurya & Saurabi Enterprises,1,Set," 145,000.00 "," 145,000.00 "," 18,850.00 "," 163,850.00 ",,, -   ," 163,850.00 ",
162,2078.07.05,Rock,120,603792937,Density Basket,Saurya & Saurabi Enterprises,1,Nos," 2,450.00 "," 2,450.00 ", 318.50 ," 2,768.50 ",,, -   ," 2,768.50 ",
163,2078.07.07,Cement and Concrete,121,603792937,Tamping Rod,Saurya & Saurabi Enterprises,1,Pcs, 950.00 , 950.00 , 123.50 ," 1,073.50 ",,, -   ," 1,073.50 ",
164,2078.07.07,Cement and Concrete,121,603792937,Gauging Trawel,Saurya & Saurabi Enterprises,2,Pcs, 950.00 ," 1,900.00 ", 247.00 ," 2,147.00 ",,, -   ," 2,147.00 ",
165,2078.07.10,Pile Test,,606906850,PIT Accelerometer (53A) -Top Mount -6 Pin,Asian Techno Traders Pvt. Ltd.,2,Pcs," 79,560.00 "," 159,120.00 "," 20,685.60 "," 179,805.60 ",,, -   ," 179,805.60 ",
166,2078.07.10,Pile Test,,606906850,"PIT -QV Starter System Pile Integrity Tester, Shoulder Strap PIT-Q & AC Power Cord for Battery Charger Software Installation USB Drive, PIT Acceserometer wax-50G, Transit case for PIT-Q With FoamInserts FFT Software, PIT-W",Asian Techno Traders Pvt. Ltd.,1,Pcs," 811,340.00 "," 811,340.00 "," 105,474.20 "," 916,814.20 ",,, -   ," 916,814.20 ",
167,2078.07.10,Pile Test,,606906850,"PIT Hammer Non -Instrumented -1 1/2"" -1 LB (500G)",Asian Techno Traders Pvt. Ltd.,1,Pcs," 40,100.00 "," 40,100.00 "," 5,213.00 "," 45,313.00 ",,, -   ," 45,313.00 ",
168,2078.07.10,Pile Test,,606906850,"PIT Hammer Non -Instrumented -2"" -3 LB (1400G)",Asian Techno Traders Pvt. Ltd.,1,Pcs," 40,100.00 "," 40,100.00 "," 5,213.00 "," 45,313.00 ",,, -   ," 45,313.00 ",
169,2078.07.10,Pile Test,,606906850,"PIT Hammer Non -Instrumented -3"" -8 LB (3600G)",Asian Techno Traders Pvt. Ltd.,1,Pcs," 72,443.00 "," 72,443.00 "," 9,417.59 "," 81,860.59 ",,, -   ," 81,860.59 ",
170,2078.07.11,Furniture,57,302604616,"66"" Steel Daraj",Shubham Steel Furniture,1,Pcs," 7,300.00 "," 7,300.00 ", 949.00 ," 8,249.00 ",,, -   ," 8,249.00 ",
171,2078.07.14,Electrical and Electronics,100,610712069,Brother T220 Printer,N.B.D. Suppliers,1,Pcs," 19,000.00 "," 19,000.00 "," 2,470.00 "," 21,470.00 ",,, -   ," 21,470.00 ",
172,2078.07.14,Electrical and Electronics,100,610712069,Key Board,N.B.D. Suppliers,10,Pcs, 130.00 ," 1,300.00 ", 169.00 ," 1,469.00 ",,, -   ," 1,469.00 ",
173,2078.07.14,Electrical and Electronics,100,610712069,6 Kg ABC Type Flex T Complete,N.B.D. Suppliers,1,Pcs," 2,250.00 "," 2,250.00 ", 292.50 ," 2,542.50 ",,, -   ," 2,542.50 ",
174,2078.07.15,Pile Test,428,300034363,MS Joist -18 Pcs,Steel Wood,4970,kg, 102.00 ," 506,940.00 "," 65,902.20 "," 572,842.20 ",,, -   ," 572,842.20 ",
175,2078.07.15,Pile Test,428,300034363,MS Channel -2 Pcs,Steel Wood,40,kg, 99.00 ," 3,960.00 ", 514.80 ," 4,474.80 ",,, -   ," 4,474.80 ",
176,2078.07.21,Electrical and Electronics,25,301822275,"Media Brand Air-Conditionons, Capacity 1 Ton",Bijay Traders 7 Enterprises,1,Set," 43,363.00 "," 43,363.00 "," 5,637.19 "," 49,000.19 ",,, -   ," 49,000.19 ",
177,2078.07.21,Electrical and Electronics,25,301822275,Angle ,Bijay Traders 7 Enterprises,1,Set," 1,000.00 "," 1,000.00 ", 130.00 ," 1,130.00 ",,, -   ," 1,130.00 ",
178,2078.07.21,Electrical and Electronics,25,301822275,Fitting Charge,Bijay Traders 7 Enterprises,1,Job," 3,000.00 "," 3,000.00 ", 390.00 ," 3,390.00 ",,, -   ," 3,390.00 ",
179,2078.07.21,Chemical,1861,301875253,PH Meter ,Ashmita Surgical House,1,Set," 6,000.00 "," 6,000.00 ", 780.00 ," 6,780.00 ",,, -   ," 6,780.00 ",
180,2078.07.21,Chemical,1861,301875253,"PH Solution 10,4,7",Ashmita Surgical House,3,Pcs," 3,200.00 "," 9,600.00 "," 1,248.00 "," 10,848.00 ",,, -   ," 10,848.00 ",
181,2078.07.25,Geophysical and Survey,115,606906850,GEO-BC500 Borehole Camera Imaging TV Probe Type 40 Communication Cable Capacity : 500M Depth Push Pull Rod (80 Pcs*1.2M=96M) Other Necessary Accessories,Asian Techno Traders Pvt. Ltd.,1,Set," 1,930,000.00 "," 1,930,000.00 "," 250,900.00 "," 2,180,900.00 ",,, -   ," 2,180,900.00 ",
182,2078.07.25,Cement and Concrete,422,602453402,Air Compresser,J. B. Ent.P. Ltd.,1,Pcs," 13,500.00 "," 13,500.00 "," 1,755.00 "," 15,255.00 ",,, -   ," 15,255.00 ",
183,2078.07.25,Cement and Concrete,422,602453402,Cube Mould,J. B. Ent.P. Ltd.,12,Pcs," 2,500.00 "," 30,000.00 "," 3,900.00 "," 33,900.00 ",,, -   ," 33,900.00 ",
184,2078.07.25,Cement and Concrete,422,602453402,Compressor Gun,J. B. Ent.P. Ltd.,1,Pcs," 2,500.00 "," 2,500.00 ", 325.00 ," 2,825.00 ",,, -   ," 2,825.00 ",
185,2078.07.25,Cement and Concrete,422,602453402,Pipe,J. B. Ent.P. Ltd.,5,Mtr, 150.00 , 750.00 , 97.50 , 847.50 ,,, -   , 847.50 ,
186,2078.07.26,Soil and Aggregate,422,602453402,Balance Weight 100 Kg,J. B. Ent.P. Ltd.,1,Pcs," 13,200.00 "," 13,200.00 "," 1,716.00 "," 14,916.00 ",,, -   ," 14,916.00 ",
187,2078.07.30,Vehicle,72,606676614,"Bajaj Motarcycle, Model V.15, Reg No. 77.8555",Podar Auto Pvt. Ltd.,1,Nos," 104,424.77 "," 104,424.77 "," 13,575.22 "," 117,999.99 ",,, -   ," 117,999.99 ",
188,2078.08.12,Vehicle,2027,609910047,"Model Code:Aviator, Model Version No.: Aviator BSIV LED A3, ",Indrayani Meroauto Pvt. Ltd.,1,Nos," 193,274.34 "," 193,274.34 "," 25,125.66 "," 218,400.00 ",,, -   ," 218,400.00 ",
189,2078.08.15,,162,617198556,1000-20 SL 550 + MRF Set,Jay Bajaranga Traders & Suppliers,6,Set," 26,106.18 "," 156,637.08 "," 20,362.82 "," 176,999.90 ",,, -   ," 176,999.90 ",
190,2078.08.26,Cement and Concrete,52,300048584,Motar Mould 7.06 Cm,Sako Engineering & Technical Trading Pvt. Ltd.,3,Pcs," 1,425.00 "," 4,275.00 ", 555.75 ," 4,830.75 ",,, -   ," 4,830.75 ",
191,2078.08.29,Vehicle,3329,300045572,"Model Code: Mahindra  Bolero, Model Version: CPR DC 4 WD PS, VIN No: MA1RU4TBKM3J95457, Engine No.: TBM4H77871",Agni Incorporated Pvt. Ltd.,1,Nos," 2,663,716.81 "," 2,663,716.81 "," 346,283.19 "," 3,010,000.00 ",,, -   ," 3,010,000.00 ",
192,2078.09.07,,391,303402482,"R. Hammer, GBH 2-26 DRE 061129376F",Infratech Pvt. Ltd.,1,Pcs," 20,796.46 "," 20,796.46 "," 2,703.54 "," 23,500.00 ",,, -   ," 23,500.00 ",
193,2078.09.29,Vehicle,157,609193107,Bolero Seat Cover,Jay Mahalaxmi Auto Care Center,1,Set," 7,500.00 "," 7,500.00 ", 975.00 ," 8,475.00 ",,, -   ," 8,475.00 ",
194,2078.09.29,Vehicle,157,609193107,Bolero Head Rest,Jay Mahalaxmi Auto Care Center,1,Set," 3,500.00 "," 3,500.00 ", 455.00 ," 3,955.00 ",,, -   ," 3,955.00 ",
195,2078.09.29,Vehicle,157,609193107,Bolero Mate,Jay Mahalaxmi Auto Care Center,1,Set," 2,800.00 "," 2,800.00 ", 364.00 ," 3,164.00 ",,, -   ," 3,164.00 ",
196,2078.09.29,Vehicle,157,609193107,Bolero No. Plate,Jay Mahalaxmi Auto Care Center,2,Pcs, 250.00 , 500.00 , 65.00 , 565.00 ,,, -   , 565.00 ,
197,2078.09.29,Vehicle,157,609193107,Bolero Music System,Jay Mahalaxmi Auto Care Center,1,Set," 5,300.00 "," 5,300.00 ", 689.00 ," 5,989.00 ",,, -   ," 5,989.00 ",
198,2078.09.29,Vehicle,157,609193107,Bolero Spiker,Jay Mahalaxmi Auto Care Center,1,Set," 3,200.00 "," 3,200.00 ", 416.00 ," 3,616.00 ",,, -   ," 3,616.00 ",
199,2078.09.29,Vehicle,157,609193107,Bolero Horn Set,Jay Mahalaxmi Auto Care Center,1,Set," 1,750.00 "," 1,750.00 ", 227.50 ," 1,977.50 ",,, -   ," 1,977.50 ",
200,2078.09.29,Vehicle,157,609193107,Bolero Sticker,Jay Mahalaxmi Auto Care Center,1,Set," 4,000.00 "," 4,000.00 ", 520.00 ," 4,520.00 ",,, -   ," 4,520.00 ",
201,2078.09.29,Pile,885,301792514,"ARC Welding Machine, Model: YUVA-200",M.K. Machinery & Hardware,1,Nos," 15,044.25 "," 15,044.25 "," 1,955.75 "," 17,000.00 ",,, -   ," 17,000.00 ",
202,2078.09.30,Pile,199,606906850,Telescopic Ladder 4.4M,Asian Techno Traders Pvt. Ltd.,1,Nos," 14,000.00 "," 14,000.00 "," 1,820.00 "," 15,820.00 ",,, -   ," 15,820.00 ",
203,2078.09.30,Pile,350,609738575,10 Ft Steel Wire Rope With Toechain ,Raghupriya Trading Pvt. Ltd.,1,Nos," 3,400.00 "," 3,400.00 ", 442.00 ," 3,842.00 ",,, -   ," 3,842.00 ",
204,2078.09.30,Pile,350,609738575,8 Ft Steel Wire Rope With Toechain ,Raghupriya Trading Pvt. Ltd.,1,Nos," 2,800.00 "," 2,800.00 ", 364.00 ," 3,164.00 ",,, -   ," 3,164.00 ",
205,2078.09.30,Pile,350,609738575,3 Ft Steel Wire Rope With Toechain ,Raghupriya Trading Pvt. Ltd.,1,Nos," 1,600.00 "," 1,600.00 ", 208.00 ," 1,808.00 ",,, -   ," 1,808.00 ",
206,2078.09.30,Pile,350,609738575,2 Ft Steel Wire Rope With Toechain ,Raghupriya Trading Pvt. Ltd.,2,Nos," 1,400.00 "," 2,800.00 ", 364.00 ," 3,164.00 ",,, -   ," 3,164.00 ",
207,2078.10.05,Furniture,290,302418596,Visitor Chair,Varietie Traders,15,Pcs," 3,982.30 "," 59,734.50 "," 7,765.49 "," 67,499.99 ",,, -   ," 67,499.99 ",
208,2078.10.05,Rock,1018,500063578,Core Bit 83 mm,Shrisha Traders,1,Pcs," 7,000.00 "," 7,000.00 ", 910.00 ," 7,910.00 ",,, -   ," 7,910.00 ",
209,2078.10.13,Electrical and Electronics,1198,301638492,Hawells OFR 11 Fin Water,Ultimate Electronics,1,Pcs," 15,486.73 "," 15,486.73 "," 2,013.27 "," 17,500.00 ",,, -   ," 17,500.00 ",
210,2078.10.16,Soil and Aggregate,359,603792937,18 x 18 Hot Air Oven,Saurya and Saurabi Enterprises,1,Nos," 27,000.00 "," 27,000.00 "," 3,510.00 "," 30,510.00 ",,, -   ," 30,510.00 ",
211,2078.10.17,Pile ,395,609738575,Steel Wire Toechain 16mm -2 feet,Raghupriya Trading Pvt. Ltd.,60,Nos," 1,330.00 "," 79,800.00 "," 10,374.00 "," 90,174.00 ",,, -   ," 90,174.00 ",
212,2078.10.18,Electrical and Electronics,57,304205996,4 TB Portable Hard Drive,Emax Technology Pvt. Ltd.,1,No," 15,930.00 "," 15,930.00 "," 2,070.90 "," 18,000.90 ",,, -   ," 18,000.90 ",
213,2078.10.20,Soil and Aggregate,368,603792937,Pocket Soil Penetrometer,Saurya and Saurabi Enterprises,1,No, 700.00 , 700.00 , 91.00 , 791.00 ,,100, 791.00 , -   ,Fully Damaged
214,2078.10.21,Pile ,226,606906850,PDA (DLT) Starter System W/Acessories S/N 2007LH,Asian Techno Traders Pvt. Ltd.,1,Set," 6,261,945.62 "," 6,261,945.62 "," 814,052.93 "," 7,075,998.55 ",,, -   ," 7,075,998.55 ",
215,2078.10.24,Soil and Aggregate,232,606906850,Brass Sieve 200 mm dia 0.075 MM,Asian Techno Traders Pvt. Ltd.,1,Pcs," 1,290.00 "," 1,290.00 ", 167.70 ," 1,457.70 ",,, -   ," 1,457.70 ",
216,2078.10.24,Soil and Aggregate,232,606906850,Brass Sieve 200 mm dia Size 425 Mics,Asian Techno Traders Pvt. Ltd.,1,Pcs," 1,290.00 "," 1,290.00 ", 167.70 ," 1,457.70 ",,, -   ," 1,457.70 ",
217,2078.11.01,Rebar Section,400,603792937,Vernieal Caliper M1 (Analog),Saurya and Saurabi Enterprises,1,No," 4,400.00 "," 4,400.00 ", 572.00 ," 4,972.00 ",,, -   ," 4,972.00 ",
218,2078.11.27,Rock,272,606906850,Core Cutter Test Apparatus,Asian Techno Traders Pvt. Ltd.,1,Set," 7,200.00 "," 7,200.00 ", 936.00 ," 8,136.00 ",,, -   ," 8,136.00 ",
219,2078.12.04,Cement and Concrete,100,302494501,Concrete Mixture Pan type (AIM 9891) Capacity 40 Ltr.,Akara Material Testing Laboratory Pvt. Ltd.,1,No.," 290,000.00 "," 290,000.00 "," 37,700.00 "," 327,700.00 ",,, -   ," 327,700.00 ",
220,2078.12.07,Rebar Section,360,302498127,Re-bar Cutting Machine,New Gautam Machinery Traders,1,Pcs," 13,300.00 "," 13,300.00 "," 1,729.00 "," 15,029.00 ",,, -   ," 15,029.00 ",
221,2078.12.11,Pile,292,,PIT-W 2009 Initial Professional License -Download,Asian Techno Traders Pvt. Ltd.,1,Pcs," 439,825.00 "," 439,825.00 "," 57,177.25 "," 497,002.25 ",,, -   ," 497,002.25 ",
222,2078.12.17,Rock,1168,600865201,Grander Machine,Chiranjibi Hardware & Suppliers,1,Pcs," 3,100.00 "," 3,100.00 ", 403.00 ," 3,503.00 ",,, -   ," 3,503.00 ",
223,2078.12.17,Rock,1168,600865201,Diamond Cup Wheel,Chiranjibi Hardware & Suppliers,6,Pcs, 485.00 ," 2,910.00 ", 378.30 ," 3,288.30 ",,, -   ," 3,288.30 ",
224,2078.12.28,Electrical and Electronics,8310,606895822,Contactor LC1D12 TC/MG,Machinery and Electric Pvt. Ltd.,1,Pcs," 2,832.00 "," 2,832.00 ", 368.16 ," 3,200.16 ",,, -   ," 3,200.16 ",
225,2078.12.28,Soil and Aggregate,311,606906850,Dial Gauge 15 MM Travel 0.01 MM Least Count,Asian Techno Traders Pvt. Ltd.,1,Pcs," 3,600.00 "," 3,600.00 ", 468.00 ," 4,068.00 ",,, -   ," 4,068.00 ",
226,2079.02.16,Soil and Aggregate,125,300048584,Brass Sieve 20 Cm dia 75 micron,Sako Engineering & Technical Trading Pvt. Ltd.,5,Pcs," 1,668.00 "," 8,340.00 "," 1,084.20 "," 9,424.20 ",,, -   ," 9,424.20 ",
227,2079.03.27,Cement and Concrete,736,603792937,Lee Chaterial Flask,Saurya and Saurabi Enterprises,1,Set," 2,250.00 "," 2,250.00 ", 292.50 ," 2,542.50 ",,, -   ," 2,542.50 ",
228,2079.03.27,Cement and Concrete,736,603792937,Plastic Funnel,Saurya and Saurabi Enterprises,1,Nos, 250.00 , 250.00 , 32.50 , 282.50 ,,, -   , 282.50 ,
229,2078.03.31,Soil and Aggregate,582,606906850,Brass Sieves Size 200 mm Dia 0.75 Micron,Asian Techno Traders Pvt. Ltd.,5,Pcs," 1,800.00 "," 9,000.00 "," 1,170.00 "," 10,170.00 ",,, -   ," 10,170.00 ",
230,2079.03.31,Electrical and Electronics,90,303010397,"Dell Desktop Computer -i5  Vostro 3888 int  i5 10th generation SSd 512 GB home Ram 8GB 24"" Dell Monitor Window 10 Pro ",Metropolitan Trade Concern,1,Nos," 83,185.84 "," 83,185.84 "," 10,814.16 "," 94,000.00 ",,, -   ," 94,000.00 ",
231,2079.04.14,Pile,,615727763,Pully Made from Iron Materials (Metal),Mahesh Workshop,1,Nos," 30,088.30 "," 30,088.30 "," 3,911.48 "," 33,999.78 ",,, -   ," 33,999.78 ",
232,2079.04.17,Software,146,300140406,Saral Billing Nepal V.9.0 Single User Standred Version,CNC Pvt Ltd,1,Nos," 32,000.00 "," 32,000.00 "," 4,160.00 "," 36,160.00 ",,, -   ," 36,160.00 ",
233,2079.04.23,Chemical,13,606906850,"Weighing Balance CY323C CAP : 320G, ACC: 0.001G, CAL: EXTERNAL",Asian Techno Traders Pvt. Ltd.,1,Nos," 54,840.00 "," 54,840.00 "," 7,129.20 "," 61,969.20 ",,, -   ," 61,969.20 ",
234,2079.05.05,Pile,,615727763,Formwork frame (1200 mm dia),Mahesh Workshop,1,Nos," 4,950.00 "," 4,950.00 ", 643.50 ," 5,593.50 ",,100," 5,593.50 ", -   ,Fully Damaged
235,2079.05.06,Rebar Section,65,606906850,AIMIL Clamping Jaws  For Round Specimen 06-14mm for AIM-653-2 ,Asian Techno Traders Pvt. Ltd.,2,Nos," 57,216.00 "," 114,432.00 "," 14,876.16 "," 129,308.16 ",,, -   ," 129,308.16 ",
236,2079.05.06,Rebar Section,65,606906850,AIMIL Clamping Jaws  For Round Specimen 14-32mm for AIM-653-2 ,Asian Techno Traders Pvt. Ltd.,2,Nos," 60,750.00 "," 121,500.00 "," 15,795.00 "," 137,295.00 ",,, -   ," 137,295.00 ",
237,2079.05.06,Rebar Section,65,606906850,AIMIL 25R Mandrill,Asian Techno Traders Pvt. Ltd.,1,Nos," 11,555.00 "," 11,555.00 "," 1,502.15 "," 13,057.15 ",,, -   ," 13,057.15 ",
238,2079.05.06,Rebar Section,65,606906850,AIMIL  Mandrill For 14R,Asian Techno Traders Pvt. Ltd.,1,Nos," 11,555.00 "," 11,555.00 "," 1,502.15 "," 13,057.15 ",,, -   ," 13,057.15 ",
239,2079.05.06,Rebar Section,65,606906850,AIMIL 32R Mandrill,Asian Techno Traders Pvt. Ltd.,1,Nos," 11,555.00 "," 11,555.00 "," 1,502.15 "," 13,057.15 ",,, -   ," 13,057.15 ",
240,2079.05.06,Rebar Section,65,606906850,AIMIL platen Adaptor,Asian Techno Traders Pvt. Ltd.,5,Nos, 910.00 ," 4,550.00 ", 591.50 ," 5,141.50 ",,, -   ," 5,141.50 ",
241,2079.05.06,Rebar Section,65,606906850,AIMIL platen ,Asian Techno Traders Pvt. Ltd.,1,Nos," 5,500.00 "," 5,500.00 ", 715.00 ," 6,215.00 ",,, -   ," 6,215.00 ",
242,2079.05.06,Rebar Section,65,606906850,AIMIL Bend Test Attachment 180 deg,Asian Techno Traders Pvt. Ltd.,1,Nos," 146,200.00 "," 146,200.00 "," 19,006.00 "," 165,206.00 ",,, -   ," 165,206.00 ",
243,2079.05.06,Rebar Section,65,606906850,"AIMIL Pair of Threaded and Shouldered Holding Heads(6mm, 8mm, 10mm, 12mm, 16mm, 18mm, 20mm)",Asian Techno Traders Pvt. Ltd.,1,Set," 62,500.00 "," 62,500.00 "," 8,125.00 "," 70,625.00 ",,,," 70,625.00 ",
244,2079.05.22,Furniture,25,301629447,Executive High Back Chair,Fourni Touch Lifestyle Pvt. Ltd.,1,Pcs," 21,648.00 "," 21,648.00 "," 2,814.24 "," 24,462.24 ",,,," 24,462.24 ",
245,2079.06.09,Electrical and Electronics,12,304205996,Laptop M2 8/256 GB,Emax Technology Pvt. Ltd.,1,Set," 173,451.33 "," 173,451.33 "," 22,548.67 "," 196,000.00 ",,,," 196,000.00 ",
246,2079.06.12,Furniture,62,300074404,Calio + Fitting,New Griha Shova Bhandar,1,," 5,570.80 "," 5,570.80 ", 724.20 ," 6,295.00 ",,,," 6,295.00 ",
247,2079.06.12,Furniture,62,300074404,Curtain,New Griha Shova Bhandar,1,Set," 1,000.00 "," 1,000.00 ", 130.00 ," 1,130.00 ",,,," 1,130.00 ",
248,2079.06.24,Cement and Concrete,418,300054392,Air Permability Blain Appartus AIM -390,H. G. Ent. Pvt. Ltd.,1,Nos," 9,500.00 "," 9,500.00 "," 1,235.00 "," 10,735.00 ",,,," 10,735.00 ",
249,2079.06.30,Software,220,609421466,Tally Prime Silver SAARC,Tally Nepal,1,Nos," 32,000.00 "," 32,000.00 "," 4,160.00 "," 36,160.00 ",,,," 36,160.00 ",
250,2079.06.31,Cement and Concrete,344,300054392,Gauging Trowel 140-150 MM,H.G. ENT PVT.LTD.,2,Nos," 1,045.00 "," 2,090.00 ", 271.70 ," 2,361.70 ",,,," 2,361.70 ",
251,2079.07.01,Pile,137,614609558,Generator,Gautam Machinery Suppliers,1,Pcs," 35,398.23 "," 35,398.23 "," 4,601.77 "," 40,000.00 ",,,," 40,000.00 ",
252,2079.07.04,,146,614609558,Rotary Hammer,Gautam Machinery Suppliers,1,Pcs," 4,500.00 "," 4,500.00 ", 585.00 ," 5,085.00 ",,,," 5,085.00 ",
253,2079.07.23,Pile,441,606673493,Stud Anchor HAS M6*85 40/30/10,VIE TEC Pvt. Ltd.,200,Pcs, 118.00 ," 23,600.00 "," 3,068.00 "," 26,668.00 ",,,," 26,668.00 ",
254,2079.07.24,Pile,125,606906850,Champ -Q Starter System w/Acesories (Cross Hole Sonic Logging WITH Champ Q- Analyzer),Asian Techno Traders Pvt. Ltd.,1,Pcs," 5,034,446.39 "," 5,034,446.39 "," 654,478.03 "," 5,688,924.42 ",,,," 5,688,924.42 ",
255,2079.08.02,Pile,125,606906850,Dial Gauge 0-50mm,Asian Techno Traders Pvt. Ltd.,2,Pcs," 4,400.00 "," 8,800.00 "," 1,144.00 "," 9,944.00 ",,,," 9,944.00 ",
256,2079.08.02,Pile,125,606906850,Dial Gauge 0-25mm,Asian Techno Traders Pvt. Ltd.,3,Pcs," 3,200.00 "," 9,600.00 "," 1,248.00 "," 10,848.00 ",,,," 10,848.00 ",
257,2079.08.02,Pile,125,606906850,Magnetic Stand,Asian Techno Traders Pvt. Ltd.,2,Pcs," 3,300.00 "," 6,600.00 ", 858.00 ," 7,458.00 ",,,," 7,458.00 ",
258,2079.08.09,Chemical,135,606906850,Optical Emission Spectrometer Model-AS-S2 Furious Latest Version CCD OES With High Resolution Detector,Asian Techno Traders Pvt. Ltd.,1,Set," 1,509,432.51 "," 1,509,432.51 "," 196,226.23 "," 1,705,658.74 ",,,," 1,705,658.74 ",
259,2079.08.12,Chemical,6347,300081231,Cylinder,Shankar Oxygen Gas Pvt. Ltd.,1,," 20,000.00 "," 20,000.00 "," 2,600.00 "," 22,600.00 ",,,," 22,600.00 ",
260,2079.08.25,Electrical and Electronics,213,604223818,"Installation of 2 KVA, 72V online UPS Including Earthing System",E.Coil Pvt. Ltd.,1,Set," 120,332.00 "," 120,332.00 "," 15,643.16 "," 135,975.16 ",,,," 135,975.16 ",
261,2079.08.27,Chemical,274,614609558,Argon Regulator,Gautam Machinery Suppliers,1,Pcs," 7,500.00 "," 7,500.00 ", 975.00 ," 8,475.00 ",,,," 8,475.00 ",
262,2079.09.01,Electrical and Electronics,25,304205996,Dell Computer Set with 18.5 LED,Emax Technology Pvt. Ltd.,1,Nos," 56,194.69 "," 56,194.69 "," 7,305.31 "," 63,500.00 ",,,," 63,500.00 ",
263,2079.09.01,Electrical and Electronics,25,304205996,Hunt Key Power Screw,Emax Technology Pvt. Ltd.,2,Nos," 1,416.00 "," 2,832.00 ", 368.16 ," 3,200.16 ",,,," 3,200.16 ",
264,2079.09.12,,265,302490509,EPHD220-50ltr,Nepal Auto Traders,1,per Liter," 28,761.00 "," 28,761.00 "," 3,738.93 "," 32,499.93 ",,100,," 32,499.93 ",
265,2079.10.05,Pile,706,606673493,Stud Anchor HAS M6*85 40/30/10,Vie Tec Pvt. Ltd.,500,Pcs, 118.00 ," 59,000.00 "," 7,670.00 "," 66,670.00 ",,,," 66,670.00 ",
266,2079.10.23,Chemical,77,300048584,Vol. Flask 1000ml,Sako Engineering & Technical Trading Pvt. Ltd.,10,Pcs, 735.00 ," 7,350.00 ", 955.50 ," 8,305.50 ",,,," 8,305.50 ",
267,2079.10.23,Chemical,,300048584,Measuring Cylinder Poly 1000 ml,Sako Engineering & Technical Trading Pvt. Ltd.,5,Pcs, 600.00 ," 3,000.00 ", 390.00 ," 3,390.00 ",,,," 3,390.00 ",
268,2079.10.23,Chemical,,300048584,Stop Watch,Sako Engineering & Technical Trading Pvt. Ltd.,4,Pcs, 555.00 ," 2,220.00 ", 288.60 ," 2,508.60 ",,,," 2,508.60 ",
269,2079.11.10,Soil and Aggregate,251,Aimil Marshall Apparatus,Aggregate Crushing Value,Asian Techno Traders Pvt. Ltd.,1,Set," 9,800.00 "," 9,800.00 "," 1,274.00 "," 11,074.00 ",,,," 11,074.00 ",
270,2079.11.16,Bitumen,265,606906850,Aimil UTM Control Valve Assembly,Asian Techno Traders Pvt. Ltd.,1,Nos," 42,629.93 "," 42,629.93 "," 5,541.89 "," 48,171.82 ",,,," 48,171.82 ",
271,2079.11.16,Bitumen,265,606906850,Aimil Gripping Device for Threaded and shouldered,Asian Techno Traders Pvt. Ltd.,1,Nos," 94,336.55 "," 94,336.55 "," 12,263.75 "," 106,600.30 ",,,," 106,600.30 ",
272,2079.11.16,Bitumen,265,606906850,"Aimil Marshall Apparatus 50 KN Single Speed, New Model for 4"" Dia Sample Analog",Asian Techno Traders Pvt. Ltd.,1,Nos," 258,599.22 "," 258,599.22 "," 33,617.90 "," 292,217.12 ",,,," 292,217.12 ",
273,2079.11.16,Bitumen,265,606906850,"Aimil Compaction Mould, Steel , Cylindrical",Asian Techno Traders Pvt. Ltd.,4,Nos," 3,774.90 "," 15,099.60 "," 1,962.95 "," 17,062.55 ",,,," 17,062.55 ",
274,2079.11.16,Bitumen,265,606906850,Aimil Base Plate,Asian Techno Traders Pvt. Ltd.,4,Nos," 2,001.68 "," 8,006.72 "," 1,040.87 "," 9,047.59 ",,,," 9,047.59 ",
275,2079.11.16,Bitumen,265,606906850,Aimil Extension Collar,Asian Techno Traders Pvt. Ltd.,4,Nos," 2,994.07 "," 11,976.28 "," 1,556.92 "," 13,533.20 ",,,," 13,533.20 ",
276,2079.11.16,Bitumen,265,606906850,Aimil  Bitumen Penetration Kit,Asian Techno Traders Pvt. Ltd.,1,Nos," 4,040.30 "," 4,040.30 ", 525.24 ," 4,565.54 ",,,," 4,565.54 ",
277,2079.11.16,Bitumen,265,606906850,Aimil Diamond Impregnated Cutter 300mm dia,Asian Techno Traders Pvt. Ltd.,5,Pcs," 33,413.53 "," 167,067.65 "," 21,718.79 "," 188,786.44 ",,,," 188,786.44 ",
278,2079.11.16,Bitumen,265,606906850,Aimil Adaptor for Mandrills,Asian Techno Traders Pvt. Ltd.,1,Nos," 2,943.34 "," 2,943.34 ", 382.63 ," 3,325.97 ",,,," 3,325.97 ",
279,2079.11.16,Bitumen,265,606906850,Aimil Adaptor for Upper Pin,Asian Techno Traders Pvt. Ltd.,1,Nos," 4,244.89 "," 4,244.89 ", 551.84 ," 4,796.73 ",,,," 4,796.73 ",
280,2079.11.16,Bitumen,264,606906850,"Aimil Asphalt Mixer, 5ltr Capacity",Asian Techno Traders Pvt. Ltd.,1,Nos," 164,214.73 "," 164,214.73 ", -   ," 164,214.73 ",,,," 164,214.73 ",
281,2079.11.28,Soil and Aggregate,401,604295275,Hydrometer,Bagmati Geo System Pvt. Ltd.,5,Nos," 2,450.00 "," 12,250.00 "," 1,592.50 "," 13,842.50 ",,,," 13,842.50 ",
282,2079.11.30,Chemical,106,300048584,Measuring Cylinder Poly 1000 ml,Sako Engineering & Technical Trading Pvt. Ltd.,5,Nos, 600.00 ," 3,000.00 ", 390.00 ," 3,390.00 ",,,," 3,390.00 ",
283,2079.11.30,Chemical,106,300048584,Stop Watch,Sako Engineering & Technical Trading Pvt. Ltd.,4,Nos, 555.00 ," 2,220.00 ", 288.60 ," 2,508.60 ",,,," 2,508.60 ",
284,2079.12.10,Geophysical and Survey,262,604223818,ERT Cable 60m,E.Coil Pvt. Ltd.,1,M," 1,800.00 "," 1,800.00 ", 234.00 ," 2,034.00 ",,,," 2,034.00 ",
285,2079.12.10,Geophysical and Survey,262,604223818,ERT Cable 30m,E.Coil Pvt. Ltd.,2,M, 990.00 ," 1,980.00 ", 257.40 ," 2,237.40 ",,,," 2,237.40 ",
286,2079.12.10,Geophysical and Survey,262,604223818,ERT Cable 10m,E.Coil Pvt. Ltd.,1,M, 450.00 , 450.00 , 58.50 , 508.50 ,,,, 508.50 ,
287,2079.12.10,Geophysical and Survey,262,604223818,Stainless Electrodes,E.Coil Pvt. Ltd.,4,Pcs, 630.00 ," 2,520.00 ", 327.60 ," 2,847.60 ",,,," 2,847.60 ",
288,2079.12.12,Pile,312,606906850,Dial Gauge 0-25mm,Asian Techno Traders Pvt. Ltd.,3,Pcs," 3,200.00 "," 9,600.00 "," 1,248.00 "," 10,848.00 ",,,," 10,848.00 ",
289,2079.12.12,Pile,312,606906850,Dial Gauge 0-25mm,Asian Techno Traders Pvt. Ltd.,3,Pcs," 3,200.00 "," 9,600.00 "," 1,248.00 "," 10,848.00 ",,,," 10,848.00 ",
290,2079.12.12,Pile,312,606906850,Dial Gauge 0-5mm,Asian Techno Traders Pvt. Ltd.,2,Pcs," 6,100.00 "," 12,200.00 "," 1,586.00 "," 13,786.00 ",,,," 13,786.00 ",
291,2079.12.12,Soil and Aggregate,312,606906850,"CBR Mould as ASTM as ASTM is Standard Plated Steel Mould Body with 6"" (152.4MM) Dia ""7"" (177.8MM) Height Supplied Complete with Extension Collar & Performed Base Plate",Asian Techno Traders Pvt. Ltd.,1,Pcs," 11,000.00 "," 11,000.00 "," 1,430.00 "," 12,430.00 ",,,," 12,430.00 ",
292,2079.12.13,Geophysical and Survey,316,606906850,Sesmic Refraction Tomography (SRT) Model. GEA24 (24 Channels 24 Bits With Accessories),Asian Techno Traders Pvt. Ltd.,1,Set," 1,618,177.14 "," 1,618,177.14 "," 210,363.03 "," 1,828,540.17 ",,,," 1,828,540.17 ",
293,2080.01.07,Chemical,360,606906850,Biobase Constant- Temperature Drying Oven BOV -T140C,Asian Techno Traders Pvt. Ltd.,1,Set," 82,000.00 "," 82,000.00 "," 10,660.00 "," 92,660.00 ",,,," 92,660.00 ",
294,2080.01.07,Geophysical and Survey,360,606906850,Brunton Compass,Asian Techno Traders Pvt. Ltd.,1,Pcs," 6,800.00 "," 6,800.00 ", 884.00 ," 7,684.00 ",,,," 7,684.00 ",
295,2080.01.15,Cement and Concrete,384,606906850,Magnetic Stand,Asian Techno Traders Pvt. Ltd.,2,Pcs," 3,300.00 "," 6,600.00 ", 858.00 ," 7,458.00 ",,,," 7,458.00 ",
296,2080.01.21,Rebar Section,391,606906850,Crack Scale,Asian Techno Traders Pvt. Ltd.,1,Pcs, 700.00 , 700.00 , 91.00 , 791.00 ,,,, 791.00 ,
297,2080.01.21,Rebar Section,391,606906850,Crack Tester,Asian Techno Traders Pvt. Ltd.,1,Pcs," 8,200.00 "," 8,200.00 "," 1,066.00 "," 9,266.00 ",,,," 9,266.00 ",
298,2080.01.21,Soil and Aggregate,392,606906850,Mesh 75 Micron ,Asian Techno Traders Pvt. Ltd.,30,Pcs," 1,800.00 "," 54,000.00 "," 7,020.00 "," 61,020.00 ",,,," 61,020.00 ",
299,2080.01.24,Safety,394,606906850,Safety Helmet,Asian Techno Traders Pvt. Ltd.,1,Nos, 300.00 , 300.00 , 39.00 , 339.00 ,,,, 339.00 ,
300,2080.01.24,Safety,394,606906850,Safety Helmet White(en),Asian Techno Traders Pvt. Ltd.,5,Pcs, 325.00 ," 1,625.00 ", 211.25 ," 1,836.25 ",,,," 1,836.25 ",
301,2080.01.24,Safety,394,606906850,Reflective Jacket ,Asian Techno Traders Pvt. Ltd.,6,Nos, 450.00 ," 2,700.00 ", 351.00 ," 3,051.00 ",,,," 3,051.00 ",
302,2080.01.26,Geophysical and Survey,319,604223818,Sonel MRU 30 ERT Machine (Old),E.Coil Pvt. Ltd.,1,Set," 100,000.00 "," 100,000.00 "," 13,000.00 "," 113,000.00 ",,,," 113,000.00 ",
303,2080.01.27,Chemical,7143,301875253,Humidity Meter wireless (Jayna),Ashmita Surgical House,1,Set," 1,061.95 "," 1,061.95 ", 138.05 ," 1,200.00 ",,,," 1,200.00 ",
304,2080.01.27,Chemical,7143,301875253,Digital Multy Thermometer,Ashmita Surgical House,1,Pcs," 1,700.00 "," 1,700.00 ", 221.00 ," 1,921.00 ",,,," 1,921.00 ",
305,2080.01.28,Chemical,188,300298710,Arsh Water Level Indicator 100m Range,Geo-Tech International (P) Ltd.,1,Nos," 26,000.00 "," 26,000.00 "," 3,380.00 "," 29,380.00 ",,,," 29,380.00 ",
306,2080.02.02,Geophysical and Survey,411,606906850,SEISIMAGER/2D SRD REFR SW WGSIES,Asian Techno Traders Pvt. Ltd.,1,Unit," 270,931.89 "," 270,931.89 "," 35,221.15 "," 306,153.04 ",,,," 306,153.04 ",
307,2080.02.02,Geophysical and Survey,411,606906850,SOFTWARE OF SRT MASW (590-00048-01),Asian Techno Traders Pvt. Ltd.,1,Unit," 444,638.50 "," 444,638.50 "," 57,803.01 "," 502,441.51 ",,,," 502,441.51 ",
308,2080.02.18,Rock,431,606906850,Strain Gauge,Asian Techno Traders Pvt. Ltd.,3,Unit," 1,150.00 "," 3,450.00 ", 448.50 ," 3,898.50 ",,,," 3,898.50 ",
309,2080.02.18,Geophysical and Survey,431,606906850,Speedy Moisture Meter,Asian Techno Traders Pvt. Ltd.,1,Set," 5,500.00 "," 5,500.00 ", 715.00 ," 6,215.00 ",,,," 6,215.00 ",
310,2080.02.22,,3049,606906850,Aluminium Profile,Rohit Impex,62.1,Kg, 570.00 ," 35,397.00 "," 4,601.61 "," 39,998.61 ",,,," 39,998.61 ",
311,2080.02.22,,1461,606906850,Aluminium Profile,Rohit Impex,72.42,Kg, 550.00 ," 39,831.00 "," 5,178.03 "," 45,009.03 ",,,," 45,009.03 ",
312,2080.02.31,,479,301396080,Grinder Machine,Machinery and Hand Tools,1,No," 5,310.00 "," 5,310.00 ", 690.30 ," 6,000.30 ",,,," 6,000.30 ",
313,2080.02.32,Chemical,471,603792937,Packing Rod (Rubber),Saurya & Saurabi Enterprises,1,Nos, 800.00 , 800.00 , 104.00 , 904.00 ,,,, 904.00 ,
314,2080.02.32,Chemical,471,603792937,Trichloroethylene,Saurya & Saurabi Enterprises,1,Nos," 4,150.00 "," 4,150.00 ", 539.50 ," 4,689.50 ",,,," 4,689.50 ",
315,2080.03.01,Chemical,475,603792937,Softaning Point Beaker 600 ml,Saurya & Saurabi Enterprises,1,Nos, 495.00 , 495.00 , 64.35 , 559.35 ,,,, 559.35 ,
316,2080.03.01,Chemical,475,603792937,Softaning Point Ring & Ball,Saurya & Saurabi Enterprises,1,Nos," 2,250.00 "," 2,250.00 ", 292.50 ," 2,542.50 ",,,," 2,542.50 ",
317,2080.03.04,,477,603792937,Multi Digital Thermometer,Saurya & Saurabi Enterprises,1,Nos," 2,025.00 "," 2,025.00 ", 263.25 ," 2,288.25 ",,,," 2,288.25 ",
318,2080.03.04,,477,603792937,Marshal Filter Paper 100 mm,Saurya & Saurabi Enterprises,1,Nos, 340.00 , 340.00 , 44.20 , 384.20 ,,,, 384.20 ,
319,2080.03.04,Chemical,477,603792937,"Glass Funnel 4""",Saurya & Saurabi Enterprises,1,Nos, 405.00 , 405.00 , 52.65 , 457.65 ,,,, 457.65 ,
320,2080.03.04,,477,603792937,Specific Gravity Density Bottle 50 ml,Saurya & Saurabi Enterprises,2,Nos, 775.00 ," 1,550.00 ", 201.50 ," 1,751.50 ",,,," 1,751.50 ",
321,2080.03.04,,477,603792937,Xylene 500 ml,Saurya & Saurabi Enterprises,1,Nos," 1,050.00 "," 1,050.00 ", 136.50 ," 1,186.50 ",,,," 1,186.50 ",
323,2080.03.14,Chemical,8331,301875253,Distillation Set 500 ML,Ashmita Surgical House,1,Nos," 2,800.00 "," 2,800.00 ", 364.00 ," 3,164.00 ",,,," 3,164.00 ",
325,2080.03.15,Pull Out ,497,606906850,Aimil Pullout Test Apparatus 500 KN Capacity,Asian Techno Traders Pvt. Ltd.,1,Set," 385,029.80 "," 385,029.80 "," 50,053.87 "," 435,083.67 ",,,," 435,083.67 ",
326,2080.03.15,Pull Out ,497,606906850,Aimil Spacer for 500 KN,Asian Techno Traders Pvt. Ltd.,1,Nos," 8,651.95 "," 8,651.95 "," 1,124.75 "," 9,776.70 ",,,," 9,776.70 ",
328,2080.04.17,HDPE Pipe,,, Hot water  Bath,Deepak PolyPlast Pvt. Ltd.,1,Set,," 3,518,034.51 "," 457,344.49 "," 3,975,379.00 ",,,," 3,975,379.00 ",
329,2080.04.17,HDPE Pipe,,,Cool Water Bath,Deepak PolyPlast Pvt. Ltd.,,,,,,,,,, -   ,
330,2080.04.17,HDPE Pipe,,, Hydrostatic  Pressure  Tester,Deepak PolyPlast Pvt. Ltd.,,,,,,,,,, -   ,
331,2080.04.17,HDPE Pipe,,,Contour Cutter Machine,Deepak PolyPlast Pvt. Ltd.,,,,,,,,,, -   ,
332,2080.04.17,HDPE Pipe,,,Manual Pres,Deepak PolyPlast Pvt. Ltd.,,,,,,,,,, -   ,
333,2080.04.17,HDPE Pipe,,,Free Falling Dark Impact  Tester,Deepak PolyPlast Pvt. Ltd.,,,,,,,,,, -   ,
334,2080.04.17,HDPE Pipe,,,UTM -Pipe,Deepak PolyPlast Pvt. Ltd.,,,,,,,,,, -   ,
335,2080.04.17,HDPE Pipe,,, Butt Fusion Machine,Deepak PolyPlast Pvt. Ltd.,,,,,,,,,, -   ,
336,2080.04.17,HDPE Pipe,,,Carbon Black  Content  Tester,Deepak PolyPlast Pvt. Ltd.,,,,,,,,,, -   ,
337,2080.04.17,HDPE Pipe,,,Melt Flow Index  Tester,Deepak PolyPlast Pvt. Ltd.,,,,,,,,,, -   ,
338,2080.04.17,HDPE Pipe,,, Oxidation Induction  Time Tester,Deepak PolyPlast Pvt. Ltd.,,,,,,,,,, -   ,
339,2080.04.17,HDPE Pipe,,,Nitrogen  Cylinder,Deepak PolyPlast Pvt. Ltd.,,,,,,,,,, -   ,
340,2080.04.17,HDPE Pipe,,,Oxygen  Cylinder,Deepak PolyPlast Pvt. Ltd.,,,,,,,,,, -   ,
342,2080.05.23,Pile,21,304468494,Plate 20mm,Bholenath Scrap Center,139.5,kg, 125.00 ," 17,437.50 "," 2,266.88 "," 19,704.38 ",,,," 19,704.38 ",
343,2080.05.23,Pile,21,304468494,Plate 16mm,Bholenath Scrap Center,106.7,kg, 125.00 ," 13,337.50 "," 1,733.88 "," 15,071.38 ",,,," 15,071.38 ",
345,2080.05.27,Electrical and Electronics,451,601128332,Samsung LED Tv 65' ,Inspirange Electronics,1,Nos," 124,070.00 "," 124,070.00 "," 16,129.10 "," 140,199.10 ",,,," 140,199.10 ",
347,2080.06.25,Cement and Concrete,447,300054392,"Laboratory Cement AutoClave, Length Comparator,Shrinkage Bar Mould, Cube Mould",H.G. Ent. Pvt. Ltd.,1,Nos," 305,019.00 "," 305,019.00 "," 39,652.47 "," 344,671.47 ",,,," 344,671.47 ",
349,2080.07.22,Non Destructive,45,301401573,"Corrosion Half Cell Potental Sensor Kit, Profometer Corrosion Half-Cell Potental Rod Electrode Sensor Kit
Profometer Rebar diameter & cover meter PM 8000 lite",Acme Techno Trade Concern,1,Nos," 1,650,000.00 "," 1,650,000.00 "," 214,500.00 "," 1,864,500.00 ",,,," 1,864,500.00 ",
351,2080.08.13,Non Destructive,109,606906850,Flat Jack Kit System,Asian Techno Traders Pvt. Ltd.,1,Nos," 162,184.11 "," 162,184.11 "," 21,083.93 "," 183,268.04 ",,,," 183,268.04 ",
352,2080.08.13,Non Destructive,109,606906850,Flat Jacks Sem,Asian Techno Traders Pvt. Ltd.,12,Nos," 12,544.70 "," 150,536.40 "," 19,569.73 "," 170,106.13 ",,,," 170,106.13 ",
353,2080.08.13,Non Destructive,109,606906850,Mechanical Strain Guage,Asian Techno Traders Pvt. Ltd.,1,Nos," 188,438.88 "," 188,438.88 "," 24,497.05 "," 212,935.93 ",,,," 212,935.93 ",
354,2080.08.13,Non Destructive,109,606906850,Flex Hose,Asian Techno Traders Pvt. Ltd.,1,Nos," 27,746.73 "," 27,746.73 "," 3,607.07 "," 31,353.80 ",,,," 31,353.80 ",
355,2080.08.13,Non Destructive,109,606906850,Cylinder 10ton,Asian Techno Traders Pvt. Ltd.,1,Nos," 48,421.79 "," 48,421.79 "," 6,294.83 "," 54,716.62 ",,,," 54,716.62 ",
357,2080.08.25,Soil and Aggregate,664,300054392,Laboratory Electric Oven,H.G. Ent. Pvt. Ltd.,1,Nos," 70,000.00 "," 70,000.00 "," 9,100.00 "," 79,100.00 ",,,," 79,100.00 ",
359,2080.09.24,HDPE Pipe,308,614609558,Motor Saw,Gautam Machinery Suppliers,1,Nos," 27,433.63 "," 27,433.63 "," 3,566.37 "," 31,000.00 ",,,," 31,000.00 ",
361,2080.09.25,Geophysical and Survey,151,606906850,Geological Hammer,Asian Techno Traders Pvt. Ltd.,1,Nos," 5,950.00 "," 5,950.00 ", 773.50 ," 6,723.50 ",,,," 6,723.50 ",
362,2080.09.25,Geophysical and Survey,151,606906850,50m fiberglass Measuring Tape,Asian Techno Traders Pvt. Ltd.,1,Nos," 2,300.00 "," 2,300.00 ", 299.00 ," 2,599.00 ",,,," 2,599.00 ",
364,2080.10.02,Cement and Concrete,159,606906850,Magnetic Stand,Asian Techno Traders Pvt. Ltd.,5,Nos," 3,300.00 "," 16,500.00 "," 2,145.00 "," 18,645.00 ",,,," 18,645.00 ",
365,2080.10.02,Soil and Aggregate,159,606906850,Dial Guage 0-25mm,Asian Techno Traders Pvt. Ltd.,6,Nos," 3,200.00 "," 19,200.00 "," 2,496.00 "," 21,696.00 ",,,," 21,696.00 ",
366,2080.10.02,Soil and Aggregate,159,606906850,Dial Guage 0-50mm,Asian Techno Traders Pvt. Ltd.,4,Nos," 9,000.00 "," 36,000.00 "," 4,680.00 "," 40,680.00 ",,,," 40,680.00 ",
369,2080.10.15,,321,614609558,Belt Sander,Gautam Machinery Suppliers,1,Nos," 20,796.46 "," 20,796.46 "," 2,703.54 "," 23,500.00 ",,,," 23,500.00 ",
371,2080.10.19,Cement and Concrete,176,606906850,Magnetic Stand,Asian Techno Traders Pvt. Ltd.,4,Nos," 3,300.00 "," 13,200.00 "," 1,716.00 "," 14,916.00 ",,,," 14,916.00 ",
373,2080.10.24,,181,606906850,Dial Guage 0-50mm,Asian Techno Traders Pvt. Ltd.,2,Pcs," 9,000.00 "," 18,000.00 "," 2,340.00 "," 20,340.00 ",,,," 20,340.00 ",
375,2080.10.24,Soil and Aggregate,181,606906850,Dial Guage 0-50mm,Asian Techno Traders Pvt. Ltd.,4,Pcs," 9,000.00 "," 36,000.00 "," 4,680.00 "," 40,680.00 ",,,," 40,680.00 ",
377,2080.12.21,Geophysical and Survey,232,606906850,Garmin GPS ETREX-SE,Asian Techno Traders Pvt. Ltd.,1,Pcs," 30,000.00 "," 30,000.00 "," 3,900.00 "," 33,900.00 ",,,," 33,900.00 ",
378,2080.12.21,Geophysical and Survey,232,606906850,Compass DOL-8,Asian Techno Traders Pvt. Ltd.,1,Pcs," 5,700.00 "," 5,700.00 ", 741.00 ," 6,441.00 ",,,," 6,441.00 ",
380,2080.12.21,Geophysical and Survey,233,606906850,Controls Concrete Hammer Test Hammer,Asian Techno Traders Pvt. Ltd.,1,PCS," 55,877.34 "," 55,877.34 "," 7,264.05 "," 63,141.39 ",,,," 63,141.39 ",
382,2080.12.30,Geophysical and Survey,238,606906850,Geological Hammer Pointed Type PH -20,Asian Techno Traders Pvt. Ltd.,1,Nos," 11,650.00 "," 11,650.00 "," 1,514.50 "," 13,164.50 ",,,," 13,164.50 ",
384,2081.01.17,Furniture,433,602809719,Office Table,Furniture One Store,8,Pcs," 15,488.00 "," 123,904.00 "," 16,107.52 "," 140,011.52 ",,,," 140,011.52 ",
386,2081.01.17,Furniture,434,602809719,Office Table,Furniture One Store,4,Pcs," 15,488.00 "," 61,952.00 "," 8,053.76 "," 70,005.76 ",,,," 70,005.76 ",
387,2081.01.17,Furniture,434,602809719,Chair,Furniture One Store,10,Pcs," 4,602.00 "," 46,020.00 "," 5,982.60 "," 52,002.60 ",,,," 52,002.60 ",
389,2081.01.28,Soil and Aggregate,429,604295275,Direct Shear Apparatus,Bagmati Geo System Pvt. Ltd.,1,Set," 145,000.00 "," 145,000.00 "," 18,850.00 "," 163,850.00 ",,,," 163,850.00 ",
391,No Date,Cement and Concrete,,,Wrench,No Bill,,,,,,,,,, -   ,
392,No Date,Cement and Concrete,,,Standard Load,No Bill,,,,,,,,,, -   ,
393,No Date,Cement and Concrete,,,Vicat Apparatus,No Bill,,,,,,,,,, -   ,
394,No Date,Cement and Concrete,,,Stop Watch,No Bill,,,,,,,,,, -   ,
395,No Date,Cement and Concrete,,,Le Chatelier Flask,No Bill,,,,,,,,,, -   ,
396,No Date,Cement and Concrete,,,Measuring  Cylinder (100ml),No Bill,,,,,,,,,, -   ,
397,No Date,Cement and Concrete,,,Blaines Air Apparatus,No Bill,,,,,,,,,, -   ,
398,No Date,Cement and Concrete,,,Standard Cement,No Bill,,,,,,,,,, -   ,
399,No Date,Cement and Concrete,,, Trowel,No Bill,,,,,,,,,, -   ,
400,No Date,Cement and Concrete,,,Tamping Rod,No Bill,,,,,,,,,, -   ,
401,No Date,Cement and Concrete,,, Vibration  Cube Mould,No Bill,,,,,,,,,, -   ,
402,No Date,Cement and Concrete,,,Vibrator,No Bill,,,,,,,,,, -   ,
403,No Date,Cement and Concrete,,,Mould (7cm),No Bill,,,,,,,,,, -   ,
404,No Date,Cement and Concrete,,,Mould (5 cm),No Bill,,,,,,,,,, -   ,
405,No Date,Cement and Concrete,,, Auto Clave ,No Bill,,,,,,,,,, -   ,
406,No Date,Cement and Concrete,,,Flow Table ,No Bill,,,,,,,,,, -   ,
407,No Date,Cement and Concrete,,,Pressure Pump,No Bill,,,,,,,,,, -   ,
408,No Date,Cement and Concrete,,,Microscope,No Bill,,,,,,,,,, -   ,
409,No Date,Cement and Concrete,,,Moisture Content Apparatus ,No Bill,,,,,,,,,, -   ,
410,No Date,Cement and Concrete,,,Density meter,No Bill,,,,,,,,,, -   ,
411,No Date,Cement and Concrete,,, Curing Tank,No Bill,,,,,,,,,, -   ,
412,No Date,Non Destructive,,,Schmidth Hammer,No Bill,,,,,,,,,, -   ,
413,No Date,Non Destructive,,,UPV Machine,No Bill,,,,,,,,,, -   ,
,No Date,Soil and Aggregate,,,Weighing Balance -15kg,No Bill,,,,,,,,,,,
,No Date,Soil and Aggregate,,,Weighing Balance -3kg,No Bill,,,,,,,,,,,
,No Date,Soil and Aggregate,,,Weighing Balance -600gm,No Bill,,,,,,,,,,,
,No Date,Soil and Aggregate,,,plastic Measuring Cylinder -1000ml,No Bill,,,,,,,,,,,
,No Date,Soil and Aggregate,,,Pycnometer,No Bill,,,,,,,,,,,
,No Date,Soil and Aggregate,,,Density Bottle,No Bill,,,,,,,,,,,
,No Date,Soil and Aggregate,,,length Guage,No Bill,,,,,,,,,,,
,No Date,Soil and Aggregate,,,Liquid limit device,No Bill,,,,,,,,,,,
,No Date,Soil and Aggregate,,,Sprit level,No Bill,,,,,,,,,,,
,No Date,Soil and Aggregate,,,AIV Testing Machine,No Bill,,,,,,,,,,,
,No Date,Soil and Aggregate,,,Sample Excluder Machine,No Bill,,,,,,,,,,,
,No Date,Soil and Aggregate,,,Consolidation testing machine,No Bill,,,,,,,,,,,
,No Date,Soil and Aggregate,,,Seive set (4.75mm-0.75mm),No Bill,,,,,,,,,,,
,No Date,Soil and Aggregate,,,Seive set (80mm-6.3mm),No Bill,,,,,,,,,,,
,No Date,Soil and Aggregate,,,UD Barrel,No Bill,,,,,,,,,,,
,No Date,Soil and Aggregate,,,Wall Mounting type Distilled Water,No Bill,,,,,,,,,,,
,No Date,Soil and Aggregate,,,Big can,No Bill,,,,,,,,,,,
,No Date,Soil and Aggregate,,,Small can,No Bill,,,,,,,,,,,
,No Date,Soil and Aggregate,,,Sodium hexametaphosphate ,No Bill,,,,,,,,,,,
,No Date,Soil and Aggregate,,,Hammer,No Bill,,,,,,,,,,,
,No Date,Soil and Aggregate,,,Hydrometer scale,No Bill,,,,,,,,,,,
,No Date,Soil and Aggregate,,,Sieve shaker,No Bill,,,,,,,,,,,
,No Date,Soil and Aggregate,,,Proctor mould -Small,No Bill,,,,,,,,,,,
,No Date,Soil and Aggregate,,,CBR mould,No Bill,,,,,,,,,,,
,No Date,Soil and Aggregate,,,Beam mould,No Bill,,,,,,,,,,,
,No Date,Soil and Aggregate,,,Standard penetrometer (For Cement test),No Bill,,,,,,,,,,,
,No Date,Soil and Aggregate,,,Plastic tray,No Bill,,,,,,,,,,,
,No Date,Soil and Aggregate,,,UD barrel for triaxial,No Bill,,,,,,,,,,,
,No Date,Soil and Aggregate,,,Digital Soil Compactor,No Bill,,,,,,,,,,,
,No Date,Soil and Aggregate,,,Sample excluder for triaxial,No Bill,,,,,,,,,,,
,No Date,Soil and Aggregate,,,Measuring Cylinder -Glass,No Bill,,,,,,,,,,,
,No Date,Soil and Aggregate,,,Proctor mould -Big,No Bill,,,,,,,,,,,
,No Date,Soil and Aggregate,,,Wall Fan,No Bill,,,,,,,,,,,
,No Date,Soil and Aggregate,,,ACV Jug,No Bill,,,,,,,,,,,
,No Date,Soil and Aggregate,,,DCPT Set -For Field,No Bill,,,,,,,,,,,
,No Date,Soil and Aggregate,,,CBR Hammer,No Bill,,,,,,,,,,,
,No Date,Soil and Aggregate,,,Proctor Hammer,No Bill,,,,,,,,,,,
,No Date,Soil and Aggregate,,,Hexo Blade Cutter with frame,No Bill,,,,,,,,,,,
,No Date,Soil and Aggregate,,,Plastic Crete -Big,No Bill,,,,,,,,,,,
,No Date,Soil and Aggregate,,,Metal Rack -Big & Small,No Bill,,,,,,,,,,,
,,Rock,,,Point Load Test Machine ,No Bill,,,,,,,,,,,
,,Rock,,,Slake Durability Testing Machine -Analog,No Bill,,,,,,,,,,,
,,Rock,,,Proctor Compactor Machine,No Bill,,,,,,,,,,,
,,Rock,,,Direct Shear Mould -Rectangular,No Bill,,,,,,,,,,,
,,Rock,,,Direct Shear Mould -Circular,No Bill,,,,,,,,,,,
,,Rock,,,Pressure Gauge,No Bill,,,,,,,,,,,
,,,,,,,,,,,,,,,,,
,,,,,,,,,,,,,,,,,
,,,,,,,,,,,,,,,,,
,,,,,,,,,,,,,,,,,
,,,,,,,,,,,,,,,,,
,,,,,,,,,,,,,,,,,
,,,,,,,,,,,,,,,,,
,,,,,,,,,,,,,,,,,
,,,,,,,,,,,,,,,,,
,,,,,,,,,,,,,,,,,
,,,,,,,,,,,,,,,,,
,,,,,,,,,,,,,,,,,
,,,,,,,,,,,,,,,,,
,,,,,,,,,,,,,,,,,
,,,,,,,,,,,,,,,,,
,,,,,Total :,,,,," 49,690,086.34 "," 6,138,193.31 "," 55,828,279.65 ",,,,,
,,,,,,,,,,,,,,,,,
,,,,,,,,,13%," 6,459,711.22 ",,,,,,,
